Depth,NITRITE,NITRATE+NITRITE,AMMONIA,SILICATE,PHOSPHATE
0,0.03,0.38,0,1.27,0.06
10,0.03,0.45,0.98,1.14,0.06
20,0.23,2.08,1.1,2.54,0.27
30,0.04,0.39,0,1.15,0.08
40,0.28,2.19,1.11,2.59,0.19
60,0.35,3.65,1.72,3.26,0.76
0,0.04,0.54,0.11,0.48,0.25
10,0.02,0.09,0,0.17,0.15
20,0.02,0.11,0,0.14,0.1
30,0.07,0.7,1.62,1.92,0.2
40,0.09,0.85,2.06,2.27,0.23
60,0.11,1.24,2.08,2.56,0.41
0,0.03,0.23,0.1,0.46,0.22
10,0.04,0.56,0,0.76,0.41
20,0.02,0.06,0,0.49,0.18
30,0.14,4.45,1.78,4.64,1.85
40,0.09,0.93,1.86,3.03,0.46
60,0.09,0.96,1.98,3.15,0.41
0,0.06,0.09,0.31,0.32,0.29
10,0.03,0.09,0,0.19,0.22
20,0.06,0.49,0.06,1.44,0.33
30,0.1,1.39,1.4,2.98,0.36
40,0.09,1.47,1.36,3.24,0.37
60,0.09,1.19,1.38,3.13,0.31
0,0.05,0.2,0.09,0.41,0.2
10,0.03,0.18,0.07,0.58,0.18
20,0.04,0.24,1.1,1.3,0.19
30,0.12,5.44,1.2,5.66,2.56
40,0.14,0.86,1.13,2.99,0.48
60,0.15,0.97,1.3,3.04,0.46
0,0.12,4.43,0.29,1.92,0.44
10,0.13,4.39,0.34,1.86,0.46
20,0.13,4.94,0.5,2.06,0.51
30,0.11,4.1,0.36,1.71,0.45
40,0.14,6.2,0.81,2.71,0.78
60,0.14,3.98,0.78,1.69,0.49
0,0.19,6.87,0.59,5.42,0.58
10,0.19,6.81,0.72,5.45,0.58
20,0.19,6.81,0.77,5.52,0.56
30,0.19,6.79,0.78,5.48,0.57
40,0.19,6.72,0.87,5.37,0.58
60,0.19,6.77,0.93,5.48,0.57
0,0.21,5.88,0.83,4.49,0.49
10,0.2,6.27,1.1,4.56,0.53
20,0.21,6.04,1.19,4.61,0.55
30,0.2,6.14,1.14,4.53,0.53
40,0.23,6.95,1.55,4.88,0.65
60,0.31,6.4,0.64,4.56,0.46
0,0.02,0.27,0,0.19,0.21
10,0.06,0.54,0,0.51,0.28
20,0.15,1.86,0,0.79,0.42
30,0.16,2.52,0,0.94,0.43
40,0.2,2.99,0.26,1.2,0.55
60,0.2,3.26,0.35,1.35,0.58
0,0,0.29,0,0.18,0.17
10,0,0.33,0.19,0.07,0.12
20,0.01,0.85,0,0.57,0.33
30,0.03,1.1,0.54,2.01,0.32
40,0.05,1.64,0.85,2.4,0.39
60,0.04,1.23,0.85,2.27,0.33
0,0.11,0.93,1.04,3.58,0.17
10,0.09,0.76,0.84,3.69,0.15
20,0.1,0.63,0.8,3.66,0.13
30,0.17,2.28,0.64,5.27,0.22
40,0.28,4.86,0.55,6.96,0.39
60,0.27,4.52,0.37,6.86,0.34
30,0.39,2.92,0.82,3.06,0.28
40,0.28,3.26,0.24,3.4,0.31
60,0.13,4.8,0.26,4.9,0.42
0,0.16,3.07,0.6,3.02,0.51
10,0.15,3.14,0.29,3.09,0.48
20,0.14,3.33,0,3.08,0.39
40,0.13,2.94,0.13,2.86,0.5
60,0.12,2.9,0.12,2.82,0.55
0,0.07,3.18,0.32,2.74,0.72
10,0,3.32,0.05,2.32,0.09
20,0.09,3.35,0.37,2.54,0.21
30,0.2,3.48,0.41,2.89,0.31
40,0.23,0.98,0.42,3.01,0.35
60,0.24,1.02,0.5,3.03,0.37
0,0.06,0.41,0.17,1.99,0.09
10,0.05,0.41,0.16,2.01,0.09
20,0.06,0.45,0.17,2.01,0.09
30,0.11,1.61,0.49,2.28,0.16
40,0.2,3.46,0.85,2.99,0.29
60,0.22,3.6,0.87,2.97,0.31
0,0,0,0.05,1.41,0
10,0,0,0.04,1.41,0
20,0,0,0.03,1.41,0
30,0,0,0.18,1.5,0.04
40,0.43,2.11,1.13,2.53,0.24
60,0.53,2.63,1.32,2.69,0.29
0,0,0,0,0.26,0
10,0,0,0,0.3,0
20,0.03,0.09,0,0.32,0.04
30,0.85,3.55,0,2.39,0.24
40,0.39,1.51,0,1.1,0.12
60,1.2,5.24,0.03,3.31,0.35
10,0.01,0.06,0.49,0.37,0.03
20,0.12,1.66,0.63,1.57,0.1
30,0.25,4.58,0.66,2.64,0.25
40,0.31,4.88,0.73,3.01,0.3
60,0.28,5.05,0.83,3.23,0.34
0,0.01,0.16,0.39,0.98,0.52
10,0.08,0.76,0.08,1.45,0.07
20,0.37,3.2,0.1,2.57,0.18
30,0.41,3.18,0.1,2.63,0.19
40,0.43,3.28,0.08,2.7,0.19
60,0.43,3.34,0.08,2.73,0.21
0,0.01,0.25,0.55,1,0.53
10,0.06,0.7,0.18,1.44,0.1
20,0.36,3.07,0.13,2.53,0.18
30,0.41,3.19,0.14,2.65,0.19
40,0.42,3.27,0.13,2.69,0.19
60,0.43,3.37,0.1,2.73,0.2
0,0.07,0.21,0.23,1.32,0.07
10,0.05,0.04,0.04,1.27,0.04
20,0.34,1.12,0.06,1.72,0.13
30,0.65,2.16,0.22,2.08,0.16
40,0.54,2.36,0.15,2.1,0.16
60,0.3,3,0.37,2.67,0.2
0,1.04,2.83,0.33,2.02,0.18
0,1.06,2.91,0.32,2.04,0.23
10,1.1,3.28,0.59,2.12,0.23
10,1.18,3.37,0.82,2.08,0.61
20,1.06,3.15,0.6,1.94,0.24
20,1.08,3.26,0.81,2,0.48
30,1.13,3.19,0.4,2.05,0.27
30,1.04,3.01,0.55,1.85,0.31
40,0.98,2.75,0.41,1.73,0.23
40,1.12,3.14,0.94,1.96,0.66
60,1.07,3.03,0.31,1.92,0.28
60,1.07,3.02,0.35,1.9,0.29
0,0.21,3.9,0.79,2.97,0.39
0,0.22,3.81,0.66,2.99,0.41
10,0.23,4.21,0.73,3.31,0.41
10,0.23,4.17,0.63,3.31,0.41
20,0.25,4.51,1.01,3.5,0.46
20,0.26,4.49,0.75,3.49,0.45
30,0.36,5.41,0.8,3.81,0.62
30,0.36,5.37,1.06,3.78,0.62
40,0.36,5.32,0.86,3.71,0.65
40,0.36,5.28,0.86,3.7,0.64
60,0.33,4.57,1.1,3.14,0.48
60,0.34,4.56,1.15,3.09,0.49
0,0.17,3.64,0.03,2.87,0.43
0,0.18,3.72,0.03,2.83,0.39
10,0.18,3.72,0.03,2.83,0.4
10,0.19,3.73,0.03,2.84,0.4
20,0.19,3.82,0.03,2.83,0.39
20,0.18,4.16,0.03,3.18,0.9
30,0.19,3.89,0.03,2.83,0.39
30,0.2,3.96,0.03,2.98,0.45
40,0.21,4.42,0.03,2.88,0.43
40,0.22,4.32,0.03,2.89,0.45
60,0.22,4.56,0.03,2.91,0.46
60,0.22,4.54,0.03,3.02,0.5
0,0.02,0.06,0.06,1.8,0.11
0,0.02,0.03,0.03,1.79,0.11
10,0.02,0.07,0.03,1.8,0.09
10,0.02,0.04,0.04,1.78,0.1
20,0.14,1.23,0.26,1.85,0.2
20,0.11,1.26,0.22,1.86,0.2
30,0.19,3.05,0.72,2.14,0.34
30,0.19,3.05,0.78,2.13,0.35
40,0.19,3.18,0.79,2.19,0.35
40,0.19,3.09,0.75,2.2,0.35
60,0.19,3.01,0.8,1.7,0.35
60,0.19,2.9,0.69,1.69,0.34
0,0.05,0.06,0.18,1.39,0.21
0,0.04,0.09,0.29,1.55,0.38
10,0.03,0.04,0.06,1.55,0.21
10,0.03,0.06,0.22,1.55,0.28
20,0.06,0.18,0.11,1.57,0.2
20,0.06,0.24,0.38,1.41,0.23
30,0.09,1.26,1.02,0.65,0.34
30,0.09,1.31,0.91,0.69,0.36
40,0.09,1.29,1.03,0.59,0.34
40,0.1,1.37,1.12,0.65,0.38
60,0.1,1.34,0.94,0.72,0.35
60,0.1,1.41,1,0.79,0.38
0,0.01,0.02,0.03,0.75,0.11
0,0.01,0.02,0.03,0.77,0.11
10,0.01,0.02,0.03,0.47,0.1
10,0.01,0.02,0.03,0.47,0.1
20,0.07,1.77,0.49,0.44,0.21
20,0.08,1.72,0.48,0.43,0.22
30,0.1,2.43,1.32,1.5,0.36
30,0.1,2.36,1.19,1.47,0.37
40,0.09,2.01,1.41,1.73,0.4
40,0.09,1.93,1.37,1.72,0.4
60,0.09,2.04,1.28,1.7,0.41
60,0.1,2.02,1.29,1.69,0.4
0,0.01,0.03,0.19,0.17,0.23
0,0.01,0.02,0.02,0.11,0.23
10,0.02,0.18,0.2,0.17,0.24
10,0.02,0.19,0.13,0.7,0.23
20,0.19,3.17,1.15,0.77,0.46
20,0.19,3.18,1.07,1.07,0.46
30,0.2,3.62,1.72,1.15,0.55
30,0.2,3.62,1.65,1.11,0.55
40,0.2,3.64,1.73,1.13,0.56
40,0.21,3.6,1.69,1.17,0.56
60,0.19,3.5,1.72,1.15,0.55
60,0.2,3.49,1.59,1.12,0.55
0,0.02,0.09,0.39,0.57,0.02
10,0.02,0.05,0.12,0.56,0.02
20,0.02,0.11,0.19,0.43,0.04
30,0.12,2.64,0.41,1.34,0.12
40,0.21,5.56,0.15,2.54,0.29
60,0.19,5.43,0.1,3.23,0.75
0,0,0,0.1,0.62,0.15
10,0.02,0.05,0.05,0.55,0.12
20,0.02,0.07,0.1,0.42,0.09
30,0.12,2.61,0.21,1.34,0.17
40,0.21,5.56,0.08,2.53,0.34
60,0.19,5.43,0.09,3.17,0.75
0,0.01,0.05,0.06,1.01,0.02
10,0.02,0.08,0.16,0.81,0.02
20,0.01,0.06,0.1,0.54,0.02
30,0.07,4.69,0.1,3.04,0.11
40,0.08,5.86,0.13,3.76,0.35
0,0.02,0.07,0.06,0.7,0.11
10,0.04,0.08,0.1,0.64,0.06
20,0.03,0.06,0.1,0.47,0.04
30,0.1,4.78,0.08,2.99,0.22
40,0.09,6.25,0.06,3.65,0.38
0,0.2,4.09,0.43,2.4,0.27
10,0.2,4.07,0.41,2.44,0.26
20,0.19,4.23,0.47,2.37,0.35
30,0.19,3.6,0.38,1.99,0.24
40,0.18,4.19,0.49,2.37,0.27
60,0.19,3.63,0.34,2.29,0.16
0,0.22,4.5,0.4,2.54,0.32
10,0.22,4.32,0.43,2.44,0.33
20,0.23,4.16,0.38,2.39,0.3
30,0.22,3.76,0.32,2.16,0.2
40,0.22,3.76,0.39,2.18,0.26
60,0.23,4.6,0.46,2.43,0.38
10,0.36,2.51,0.51,1.97,0.21
20,0.35,2.59,0.4,1.92,0.22
30,0.37,2.65,0.42,1.96,0.24
40,0.37,2.62,0.44,1.95,0.25
60,0.37,2.6,0.63,1.96,0.26
0,0.37,2.46,0.41,1.9,0.24
10,0.36,2.34,0.43,1.81,0.24
20,0.38,2.55,0.36,2,0.26
30,0.38,2.54,0.37,1.93,0.27
40,0.35,2.32,0.37,1.75,0.25
60,0.38,2.5,0.46,1.95,0.25
10,0.71,3.12,0.13,2.28,0.2
20,0.71,3.15,0.15,2.31,0.23
30,0.72,3.14,0.12,2.3,0.24
40,0.71,3.14,0.11,2.28,0.25
60,0.73,3.17,0.19,2.29,0.26
0,0.07,5.59,1.11,3.3,0.43
10,0.04,5.7,0.7,3.32,0.43
20,0.03,5.67,0.65,3.32,0.47
30,0.06,5.7,1.24,3.32,0.46
40,0.03,5.68,0.7,3.35,0.47
60,0.03,5.67,0.73,3.34,0.47
0,0.05,5.65,1.11,3.27,0.47
10,0.03,5.67,0.73,3.28,0.47
20,0.02,5.66,0.62,3.29,0.48
30,0.06,5.7,1.29,3.29,0.47
40,0.03,5.72,0.79,3.29,0.48
60,0.03,5.7,0.83,3.27,0.49
0,0.04,8.35,2.21,3.16,0.4
10,0.03,7.49,2.66,2.45,0.38
20,0.09,7.15,1.1,2.52,0.4
30,0.02,7.26,1.65,2.49,0.43
40,0.08,6.23,1.14,2.21,0.36
60,0.07,5.73,0.89,2.12,0.32
0,0.08,5.53,0.17,3.16,0.3
10,0.08,6.92,0.11,3.12,0.3
20,0.08,6.48,0.14,2.93,0.37
30,0.08,6.54,0.13,2.56,0.32
40,0.08,5.84,0.26,2.71,0.4
60,0.09,5.97,0.31,2.89,0.48
0,0.27,5.99,0.18,2.39,0.35
0,0.28,6.25,0.18,2.49,0.33
0,0.28,5.05,0.23,2.03,0.28
10,0.29,5.2,0,2.03,0.36
20,0.28,5.21,0.03,2.01,0.37
30,0.29,5.27,0.18,2.05,0.39
40,0.28,5.23,0.03,2.04,0.39
60,0.28,5.23,0.03,2,0.38
0,0.28,5.17,0.19,1.94,0.37
10,0.29,5.2,0.03,2.13,0.5
20,0.28,5.16,0.03,1.97,0.4
30,0.29,5.21,0.09,2.02,0.39
40,0.3,5.2,0.03,2.13,0.69
60,0.29,5.21,0.03,2,0.4
0,0.08,0.93,0.29,0.75,0.17
10,0.09,0.89,0.57,0.55,0.24
20,0.16,2.32,1.49,1.11,0.36
30,0.16,2.19,1.15,0.93,0.29
40,0.16,2.08,0.91,1.01,0.25
60,0.13,2.8,1.01,1.55,0.47
0,0.1,1.11,0.39,0.76,0.2
10,0.11,0.97,0.62,0.54,0.21
20,0.18,2.48,1.73,1.05,0.35
40,0.19,2.5,1.36,1.24,0.33
60,0.16,3.02,1.05,1.6,0.49
0,0.03,0.33,0.03,0.63,0.05
10,0.04,0.38,0.03,0.62,0.08
20,0.09,2.18,0.84,0.97,0.19
30,0.11,2.83,1.28,1.06,0.25
40,0.12,2.98,1.3,1.09,0.27
60,0.12,3.1,1.63,1.14,0.3
0,0.04,0.37,0.03,0.67,0.12
10,0.05,0.33,0.03,0.69,0.11
20,0.1,2.21,0.81,1.03,0.21
30,0.12,2.83,1.24,1.15,0.27
40,0.12,2.96,1.26,1.17,0.28
60,0.13,3.07,1.38,1.2,0.29
0,0.01,0.07,0.03,0.23,0.02
10,0.01,0.05,0.03,0.31,0.02
20,0.01,0.3,0.25,0.65,0.1
30,0.06,1.3,1.65,1.52,0.24
40,0.06,1.41,1.74,1.65,0.31
60,0.05,1.11,1.44,1.33,0.22
0,0.01,0.03,0.03,0.29,0.02
10,0.01,0.03,0.03,0.33,0.02
20,0.01,0.33,0.25,0.68,0.1
30,0.06,1.27,1.48,1.56,0.22
40,0.06,1.43,1.6,1.67,0.28
60,0.06,1.54,1.81,1.67,0.28
0,0.01,0.08,0.18,0.34,0.02
10,0.01,0.3,0.47,0.64,0.02
20,0.05,1.58,1.94,1.94,0.09
30,0.05,1.72,2.21,2.09,0.12
40,0.05,1.7,2.17,2.07,0.12
60,0.05,1.89,2.24,2.16,0.13
0,0.01,0.08,0.03,0.24,0.02
10,0.01,0.31,0.53,0.53,0.03
20,0.05,1.65,2.06,1.9,0.11
30,0.06,1.74,2.17,1.99,0.13
40,0.05,1.73,2.2,1.99,0.13
60,0.06,1.92,2.22,2.02,0.14
0,0.01,0.02,0.03,0.39,0.02
10,0.01,0.02,0.06,0.47,0.02
20,0.03,0.63,0.94,1.97,0.08
30,0.07,1.3,1.81,2.73,0.2
40,0.07,1.42,1.94,2.73,0.24
60,0.07,1.4,2.12,2.69,0.26
0,0,0,0.03,0.31,0.04
10,0,0,0.03,0.34,0.04
20,0.04,0.63,0.85,1.88,0.12
30,0.06,1.29,1.85,2.61,0.23
40,0.06,1.37,1.93,2.69,0.25
60,0.06,1.38,1.93,2.65,0.26
0,0,0,0.07,0.28,0
10,0.02,0.05,0.3,0.24,0.07
20,0.01,0.12,0.31,0.8,0.06
30,0.11,1.86,1.37,3.13,0.2
60,0.13,1.77,1.36,3.2,0.32
0,0,0,0.2,0.25,0.07
10,0,0,0.23,0.22,0.07
20,0.01,0.06,0.29,0.69,0.18
30,0.11,1.84,1.34,2.95,0.23
40,0.12,1.77,1.32,2.92,0.2
60,0.12,1.78,1.29,2.84,0.22
10,0.02,0.05,0.49,0.87,0.06
20,0.32,0.08,0.6,0.87,0.07
30,0.36,0.41,0.79,3.49,0.13
40,0.37,0.46,1.08,3.59,0.15
60,0.02,0.49,0.96,3.54,0.16
0,0.01,0.05,0.43,0.7,0.08
10,0.02,0.04,0.4,0.72,0.07
20,0.02,0.05,0.47,0.77,0.06
30,0.31,0.37,0.77,3.48,0.13
40,0.35,0.4,1,3.55,0.14
60,0.37,0.43,0.84,3.54,0.14
0,0.01,0.08,0.59,2.54,0.02
10,0.02,0.09,0.67,2.49,0.02
20,0.09,0.27,0.85,2.42,0.02
30,0.09,5.13,1.02,3.27,0.27
40,0.07,5.48,0.63,3.4,0.35
60,0.07,5.48,0.69,3.46,0.37
0,0.02,0.12,0.8,2.57,0.02
10,0.02,0.13,0.66,2.53,0.04
20,0.09,0.29,0.8,2.43,0.04
30,0.1,5.37,0.71,3.32,0.31
40,0.09,5.68,0.62,3.49,0.37
60,0.09,5.62,0.69,3.45,0.38
0,0.04,0.08,0.04,2.16,0.04
10,0.03,0.1,0.13,2.28,0.04
20,0.04,0.15,0.17,2.41,0.03
30,0.27,0.64,0.27,2.24,0.19
40,0.21,3.94,0.24,3.97,0.28
60,0.21,5.2,0.04,4.34,0.3
0,0.05,0.16,0.23,2.2,0.04
10,0.05,0.1,0.16,2.2,0.09
20,0.04,0.06,0.06,2.2,0
30,0.28,0.67,0.11,2.32,0.04
40,0.22,4.31,0.13,3.86,0.27
60,0.18,5.18,0.1,4.31,0.35
0,0.25,2.24,0.08,1.75,0.15
10,0.26,1.74,0,1.81,0.18
20,0.32,2.49,0,2.03,0.25
30,0.33,2.54,0,1.98,0.22
40,0.34,2.95,0.09,2.01,0.23
60,0.35,3.77,0,2.44,0.16
0,0.26,1.79,0,1.78,0.21
30,0.34,2.69,0,2.05,0.25
40,0.35,2.84,0.07,2.05,0.27
60,0.33,3.74,0.03,2.41,0.31
0,0.09,6.34,0.11,3.55,0.43
10,0.12,6.41,0.08,3.69,0.48
20,0.11,6.4,0.19,3.63,0.51
30,0.11,6.45,0.12,3.63,0.52
40,0.12,6.44,0.15,3.63,0.54
60,0.11,6.41,0,3.61,0.53
0,0.1,6.36,0.05,3.6,0.52
10,0.1,6.52,0.03,3.61,0.52
20,0.11,6.41,0.05,3.63,0.54
30,0.11,6.47,0.03,3.6,0.53
40,0.11,6.49,0.21,3.58,0.53
60,0.11,6.41,0.02,3.59,0.53
0,0.09,6.44,0.04,3.35,0.47
10,0.09,6.47,0.13,3.34,0.51
20,0.08,6.45,0.2,3.33,0.53
40,0.09,6.59,0.09,3.34,0.54
60,0.08,6.44,0.1,3.3,0.54
0,0.08,6.55,0.06,3.29,0.54
10,0.08,6.53,0.14,3.29,0.54
20,0.06,6.48,0.23,3.29,0.55
40,0.07,6.57,0.14,3.28,0.55
60,0.06,6.48,0.09,3.3,0.55
0,0.23,6.37,0.12,3.34,0.53
10,0.14,6.99,0.12,3.34,0.53
20,0.15,6.8,0.27,3.33,0.54
30,0.15,6.8,0.21,3.36,0.56
40,0.2,6.75,0.25,3.44,0.64
60,0.17,6.43,0.21,3.37,0.56
0,0.14,6.43,0.08,3.32,0.56
10,0.14,6.57,0.09,3.34,0.56
20,0.14,7.01,0.21,3.32,0.57
30,0.13,6.52,0.13,3.33,0.57
40,0.13,8.05,0.18,3.35,0.57
60,0.15,6.63,0.17,3.36,0.57
0,0.18,6.45,0.34,3.03,0.47
10,0.18,7.12,0.21,3.15,0.5
20,0.19,6.52,0.21,2.99,0.5
30,0.2,6.42,0.07,2.98,0.47
40,0.21,6.57,0.15,2.9,0.51
60,0.26,6.98,0.26,2.99,0.53
0,0.18,6.92,0,3.13,0.42
10,0.16,6.31,0.12,2.97,0.47
20,0.16,6.48,0.12,2.98,0.49
30,0.18,6.53,0.11,2.99,0.48
40,0.21,6.47,0.2,3,0.51
60,0.27,7.49,0,3.1,0.48
0,0.18,6.43,0,2.81,0.45
10,0.23,6.46,0,2.87,0.52
20,0.19,6.52,0.06,2.85,0.51
30,0.2,6.53,0.04,2.85,0.51
40,0.19,6.45,0.06,2.86,0.51
0,0.2,6.51,0,2.82,0.46
10,0.22,6.75,0.09,2.84,0.5
20,0.19,6.67,0,2.81,0.5
30,0.2,6.54,0.05,2.8,0.51
40,0.19,6.59,0.1,2.8,0.51
0,0.23,5.76,0,2.51,0.44
10,0.25,5.93,0,2.41,0.46
20,0.25,5.94,0.05,2.33,0.48
30,0.25,5.92,0,2.28,0.49
40,0.25,5.92,0,2.28,0.48
60,0.25,5.99,0.05,2.22,0.49
0,0.23,5.89,0,2.36,0.47
10,0.23,5.93,0,2.36,0.47
20,0.29,6.07,0,2.32,0.5
30,0.26,5.92,0,2.27,0.57
40,0.25,5.92,0,2.31,0.49
60,0.26,5.98,0,2.25,0.49
0,0.06,0.15,0.41,0.08,0.1
10,0.02,0.1,0.41,0.06,0.14
20,0.07,0.58,1.52,0.36,0.27
30,0.1,0.85,2.22,0.45,0.33
40,0.1,0.86,2.17,0.47,0.35
60,0.1,0.97,2.16,0.47,0.39
0,0.1,0.31,0.33,0.05,0.17
10,0.02,0.85,0.46,0.04,0.17
20,0.06,0.61,1.52,0.31,0.28
30,0.08,1.05,2.19,0.4,0.34
40,0.07,0.92,2.14,0.39,0.34
60,0.08,0.89,2.12,0.4,0.34
0,0,0,4.17,0.17,0.11
10,0,0,0.64,0.15,0.11
20,0,0,0.52,0.15,0.11
30,0,0,0.36,0.15,0.09
40,0,0,0.86,0.79,0.22
60,0,0,1.4,0.85,0.31
0,0,0,0.24,0.13,0.1
10,0,0,0.24,0.13,0.09
20,0,0,0.29,0.15,0.11
30,0,0,0.22,0.14,0.11
40,0,0,0.52,0.84,0.23
60,0,0,0.78,0.86,0.28
0,0.03,0.05,0.45,1.19,0.04
10,0.02,0.03,0.33,1.16,0.04
20,0.09,0.7,1.86,1.86,0.15
30,0.08,0.94,2.52,1.93,0.22
40,0.13,0.15,0.29,1.6,0.24
60,0.09,0.93,2.44,1.93,0.24
0,0.01,0.02,0.23,1.16,0.08
10,0.02,0.03,0.21,1.14,0.06
20,0.07,0.71,1.83,1.88,0.16
30,0.07,0.93,2.44,1.9,0.22
40,0.11,0.14,0.24,1.61,0.26
60,0.06,0.94,2.44,1.99,0.51
0,0.03,0.06,0,0.85,0.11
30,0,0,0,2.3,0.09
40,0,0,0,2.9,0.07
60,0,0,0,2.9,0.08
0,0,0,0,0.88,0.03
10,0,0,0,0.89,0.02
20,0,0,0,1.03,0.03
30,0,0,0,2.32,0.03
40,0,0,0,2.95,0.03
60,0,0,0,2.92,0.05
0,0,0.03,0.24,0.92,0.01
10,0,0.05,0.26,0.9,0.01
20,1.28,2.16,1.68,3.82,0.23
30,1.29,2.18,1.82,3.84,0.23
40,1.3,2.19,1.7,3.82,0.24
60,1.26,2.15,1.86,3.87,0.25
0,0,0.06,0.38,0.83,0.03
10,0,0.05,0.4,0.87,0.03
20,1.28,2.13,1.74,3.78,0.23
30,1.29,2.18,1.81,3.81,0.24
40,1.3,2.18,1.75,3.81,0.25
60,1.26,2.25,2.25,3.84,0.29
0,0,0.04,0.51,1.75,0.04
10,0,0.06,0.49,1.71,0.05
20,0.01,0.12,0.51,1.71,0.06
30,0.32,4.16,0.4,1.71,0.36
40,0.14,4.83,0.46,1.82,0.31
60,0.08,5.01,0.36,1.72,0.34
0,0,0.06,0.43,1.64,0.08
10,0.02,0.09,0.41,1.65,0.06
20,0.03,0.13,0.44,1.77,0.06
30,0.33,4.28,0.37,2.68,0.27
40,0.13,4.92,0.35,2.99,0.31
60,0.07,5,0.38,3.44,0.34
10,0.2,4.76,0.1,1.03,0.41
20,0.19,4.9,0.18,0.95,0.37
40,0.22,5,0.17,0.96,0.38
60,0.24,5.28,0.37,1,0.37
0,0.21,4.94,0.06,1,0.34
10,0.22,5.02,0.11,0.99,0.36
20,0.22,5.03,0.21,0.98,0.39
30,0.22,5.03,0.21,0.97,0.36
40,0.22,5.08,0.16,0.97,0.37
60,0.22,5.05,0.31,0.97,0.36
0,0.01,0.02,0.37,0.08,0.04
10,0.01,0.02,0.24,0.09,0.04
20,0.02,0.06,0.19,0.11,0.06
30,0.17,3.33,0.67,0.33,0.27
40,0.21,3.99,0.8,0.4,0.34
60,0.2,3.92,0.72,0.4,0.33
0,0.01,0.02,0.05,0.09,0.04
10,0.01,0,0.04,0.09,0.05
20,0.02,0.03,0.06,0.08,0.07
40,0.21,3.94,0.65,0.39,0.36
60,0.2,3.94,0.7,0.39,0.38
0,0.04,0.49,0.72,0.2,0.12
10,0.04,0.52,0.61,0.21,0.12
20,0.08,1.26,1.23,0.32,0.21
30,0.1,1.64,1.58,0.4,0.27
40,0.1,1.64,1.59,0.39,0.28
60,0.1,1.69,1.86,0.39,0.31
0,0.04,0.47,0.48,0.26,0.09
10,0.04,0.5,0.52,0.23,0.1
20,0.07,1.25,1.21,0.34,0.28
30,0.11,1.64,1.45,0.39,0.27
40,0.1,1.63,1.44,0.39,0.27
60,0.1,1.66,1.55,0.4,0.3
0,0,0,0,0.12,0.05
10,0,0,0,0.16,0.01
20,0,0.03,0,0.3,0.06
30,0.05,0.63,1.17,1.37,0.2
40,0.07,0.79,1.55,1.44,0.22
60,0.07,0.91,1.65,1.61,0.26
0,0,0,0,0.25,0.05
10,0,0,0,0.23,0.07
20,0,0,0,0.3,0.07
30,0.06,0.72,1.34,1.41,0.22
40,0.08,1.01,1.76,1.7,0.27
60,0.07,0.93,1.53,1.6,0.26
0,0.02,0.04,0.25,0.46,0.07
10,0.01,0.05,0.24,0.49,0.05
20,0.03,0.07,0.17,0.66,0.05
30,0.15,1.47,1.11,1.98,0.17
40,0.36,2.95,2.19,2.54,0.33
60,0.24,2.45,2.64,2.88,0.35
0,0.02,0.04,0.21,0.52,0.06
10,0.02,0.04,0.19,0.54,0.04
20,0.03,0.06,0.05,0.66,0.05
30,0.15,1.5,0.82,1.84,0.16
40,0.36,2.96,1.92,2.54,0.32
60,0.24,2.46,2.49,2.86,0.36
0,0.02,0.08,0.38,0.17,0.04
10,0.01,0.06,0.52,0.17,0.06
20,0.02,0.09,0.57,0.36,0.06
30,0.94,3.03,1.7,2.93,0.26
60,1.01,3.27,1.79,3.02,0.29
0,0.02,0.05,0.18,0.34,0.03
10,0.01,0.05,0.24,0.33,0.03
20,0.01,0.06,0.3,0.38,0.03
30,0.95,3.04,1.49,2.95,0.25
40,0.98,3.21,1.72,2.97,0.27
60,1.03,3.27,1.61,3.05,0.28
0,0.01,0.3,0.22,0.63,0.07
10,0.02,0.1,0.14,0.56,0.04
20,0.02,0.14,0.35,0.4,0.07
30,0.15,3.06,0.21,1.68,0.16
40,0.55,4.14,0,2.29,0.25
60,1.96,4.39,0,2.53,0.25
0,0,0.11,0,0.66,0.05
10,0,0.08,0,0.61,0.04
20,0.01,0.12,0.14,0.45,0.05
30,0.15,3.04,0,1.7,0.15
40,0.54,4.15,0,2.29,0.24
60,1.96,4.38,0,2.57,0.25
0,0.01,0.02,0.52,1.19,0.06
10,0.02,0.32,0.65,1.14,0.06
20,0.02,3.1,0.27,2.55,0.19
30,0.08,3.72,0.55,3.3,0.25
40,0.05,4.08,0.4,2.82,0.26
60,0.05,4.59,0.41,3.09,0.27
0,0.02,0.04,0.37,1.18,0.05
10,0,0,0.41,1.19,0.03
20,0,0,0.34,1.55,0.03
30,0.19,3.71,0.29,2.93,0.23
40,0.17,3.95,0.25,2.95,0.23
60,0.19,4.52,0.18,3.15,0.27
0,0.03,0.04,0.45,1.2,0.05
10,0.03,0.04,0.52,1.18,0.04
20,0,0,1.67,1.53,0.06
30,0.19,3.83,1.45,2.88,0.23
40,0.17,4.14,1.49,2.98,0.23
60,0.19,4.66,1.46,3.14,0.27
0,0.02,0.03,0.06,1.49,0.03
10,0.02,0.03,0.28,1.52,0.06
20,0.03,0.04,0.26,1.52,0.05
30,0.11,4.88,0.11,3.22,0.32
40,0.08,5.43,0.15,3.34,0.36
60,0.14,5.59,0.14,3.24,0.36
0,0.01,0.03,0.04,1.49,0.03
10,0.01,0.03,0.17,1.5,0.03
20,0.02,0.03,0.21,1.49,0.04
30,0.11,5.06,0.14,3.2,0.32
40,0.09,5.58,0.14,3.33,0.35
60,0.14,5.75,0.11,3.26,0.36
0,0.01,0.03,0.12,1.92,0.06
0,0.02,0.03,0.09,1.92,0.04
0,0.33,3.42,0.29,2.88,0.3
10,0.28,3.47,0.28,2.86,0.3
20,0.28,3.51,0.45,2.85,0.31
30,0.32,3.5,0.48,2.8,0.28
40,0.33,3.54,0.88,2.84,0.3
60,0.29,3.56,0.91,2.88,0.31
0,0.33,3.42,0.03,2.87,0.3
10,0.28,3.51,0.04,2.89,0.32
20,0.28,3.54,0.26,2.89,0.31
30,0.33,4.03,0.29,3.15,0.33
40,0.35,3.92,0.72,3.12,0.32
60,0.31,3.78,0.36,3.05,0.33
0,0.33,3.78,0,2.62,0.32
10,0.33,3.81,0,2.63,0.33
20,0.33,3.82,0,2.66,0.35
30,0.33,3.86,0,2.62,0.32
40,0.33,3.84,0,2.65,0.32
60,0.33,3.84,0,2.61,0.33
0,0.33,3.78,0,2.64,0.32
10,0.33,3.8,0,2.62,0.32
20,0.32,3.79,0,2.63,0.33
30,0.33,3.81,0,2.64,0.32
40,0.33,3.83,0,2.61,0.32
60,0.33,3.84,0,2.62,0.33
0,0.06,3.97,0.33,2.47,0.25
10,0.07,4.02,0.24,2.46,0.26
20,0.06,4.05,0.35,2.42,0.26
30,0.06,4.09,0.28,2.42,0.27
40,0.05,4.02,0.22,2.51,0.26
60,0.06,4.09,0.32,2.44,0.26
0,0.06,4.12,0.27,2.46,0.27
10,0.06,4.04,0.17,2.43,0.29
20,0.06,4.14,0.24,2.46,0.28
30,0.07,4.26,0.24,2.51,0.29
40,0.05,3.95,0.24,2.32,0.25
60,0.06,4.17,0.16,2.44,0.25
10,0.08,6.32,0.53,3.22,0.42
20,0.06,5.89,1.32,3.02,0.38
30,0.06,5.59,0.56,2.83,0.42
40,0.06,5.95,0.49,2.97,0.4
60,0.06,6.43,0.39,3.18,0.43
0,0.04,6.47,0.32,3.28,0.42
10,0.05,6.06,0.32,3.06,0.39
20,0.04,5.54,1.33,2.77,0.36
30,0.05,5.62,0.31,2.78,0.42
40,0.06,5.48,0.25,2.69,0.36
60,0.05,5.74,0.28,2.78,0.37
0,0.09,5.53,0.22,3.04,0.55
10,0.1,5.61,0.44,3.07,0.6
20,0.09,5.6,1.88,3.03,0.55
30,0.1,5.6,0.49,3.02,0.52
40,0.1,5.61,0.32,3.02,0.54
60,0.1,5.62,0.4,3.04,0.59
0,0.09,5.52,0.11,3.04,0.52
10,0.1,5.59,0.29,3.06,0.57
20,0.09,5.59,1.7,3.04,0.53
30,0.09,5.6,0.39,3.03,0.49
40,0.08,5.6,0.25,3.04,0.5
60,0.09,5.61,0.22,2.99,0.56
0,0.27,5.83,0.1,1.66,0.42
10,0.27,5.88,0.11,1.67,0.42
20,0.28,5.9,0.35,1.73,0.43
30,0.28,5.98,0.28,1.68,0.46
40,0.3,5.95,0.1,8.82,0.43
60,0.29,6,0.2,1.68,0.44
0,0.28,5.91,0.1,1.74,0.44
10,0.34,6.03,0.11,1.69,0.47
20,0.29,5.95,0.09,1.68,0.41
30,0.29,6.01,0.36,1.68,0.43
40,0.29,6.02,0.12,1.67,0.41
60,0.3,6.03,0.11,1.67,0.42
10,0.35,5.58,0.39,2.34,0.44
20,0.34,5.57,0.37,2.36,0.45
30,0.34,5.57,0.36,2.36,0.46
40,0.34,5.61,0.35,2.39,0.46
60,0.35,5.65,0.36,2.3,0.46
0,0.35,5.57,0.34,2.07,0.43
10,0.36,5.61,0.35,2.2,0.45
20,0.35,5.63,0.34,2.2,0.45
30,0.37,5.57,0.34,2.18,0.45
40,0.36,5.63,0.37,2.2,0.45
60,0.36,5.64,0.37,2.16,0.46
0,0.38,2.07,0.21,0.93,0.19
10,0.39,2.12,0.22,0.99,0.2
20,0.41,2.13,0.16,1.03,0.22
30,0.39,2.16,0.1,1.09,0.2
40,0.42,2.37,0.13,0.98,0.22
60,0.43,2.68,0.16,1.03,0.24
10,0.41,2.28,0.12,1.01,0.22
20,0.45,2.4,0.07,1.1,0.25
30,0.4,2.25,0.04,0.96,0.21
40,0.4,2.29,0.05,0.96,0.2
60,0.39,2.29,0.11,1.02,0.2
0,0.07,0.25,0.48,0.45,0.08
20,0.08,0.33,0.67,0.63,0.1
30,0.08,0.41,0.65,0.71,0.13
40,0.21,1.57,2.08,1.32,0.23
60,0.25,1.93,2.7,1.64,0.29
0,0.06,0.23,0.35,0.53,0.06
20,0.07,0.28,0.51,0.6,0.09
30,0.07,0.38,0.54,0.68,0.11
40,0.21,1.56,2.05,1.35,0.25
60,0.24,1.89,2.42,1.69,0.28
0,0,0.09,0.21,0.37,0.04
10,0,0.08,0.16,0.38,0.06
20,0.04,0.18,0.31,0.5,0.08
30,0.13,0.88,1.62,0.86,0.2
40,0.13,0.91,1.6,0.87,0.21
60,0.13,0.91,1.6,0.86,0.2
0,0,0.08,0.07,0.32,0.03
10,0,0.07,0.06,0.33,0.04
20,0.04,0.17,0.23,0.46,0.07
30,0.13,0.87,1.47,0.83,0.19
40,0.13,0.88,1.52,0.83,0.18
60,0.13,0.87,1.53,0.83,0.18
0,0,0.06,0.27,0.17,0.03
10,0,0.06,0.2,0.17,0.03
20,0,0.07,0.21,0.17,0.03
30,0,0.06,0.17,0.19,0.03
40,0.05,0.7,1.96,2.35,0.24
60,0.06,0.73,2.11,2.47,0.26
0,0,0.04,0.32,0.17,0
10,0,0.04,0.19,0.15,0.02
20,0,0.05,0.2,0.15,0.02
30,0,0.05,0.3,0.18,0.02
40,0.05,0.72,2.2,2.45,0.24
60,0.05,0.71,2.11,2.45,0.25
0,0,0.06,0.67,0.19,0.04
10,0,0.05,0.39,0.27,0.04
20,0.02,0.13,0.44,1.18,0.15
30,0.07,0.77,1.69,1.44,0.25
40,0.08,0.84,1.76,1.5,0.3
60,0.06,0.69,2.44,2.23,0.28
0,0,0.04,0.31,0.15,0.02
10,0,0.04,0.5,0.24,0.02
20,0.01,0.11,0.3,1.16,0.13
30,0.07,0.76,1.62,1.42,0.23
40,0.08,0.82,1.63,1.5,0.27
60,0.06,0.68,2.09,2.22,0.26
10,0.04,0.15,0.76,0.52,0.06
20,0.16,0.28,0.73,2.96,0.2
30,0.16,0.25,0.61,3.03,0.14
40,0.17,0.34,0.78,3.08,0.15
10,0.03,0.12,0.6,0.51,0.03
20,0.15,0.24,0.49,2.94,0.11
30,0.16,0.24,0.53,3.04,0.12
40,0.17,0.34,0.81,3.07,0.12
60,0.21,0.31,0.28,3.14,0.12
0,0.03,0.07,0.52,1.3,0.07
10,0.02,0.04,0.55,1.31,0.08
20,0.02,0.05,0.56,1.3,0.08
30,0.09,2.99,0.58,3.25,0.37
40,0.1,3.48,0.5,3.56,0.37
60,0.1,3.49,0.51,3.54,0.38
0,0.02,0.07,0.55,1.38,0.08
10,0.02,0.05,0.5,1.3,0.07
30,0.13,3.05,0.5,3.47,0.45
40,0.09,3.48,0.48,3.51,0.37
60,0.1,3.53,0.47,3.51,0.38
0,0.4,2.29,0.22,2.4,0.28
10,0.41,2.34,0.22,2.41,0.29
20,0.42,2.35,0.23,2.4,0.28
30,0.43,2.4,0.31,2.46,0.28
40,0.43,2.41,0.34,2.49,0.29
60,0.42,2.37,0.38,2.52,0.29
0,0.4,2.35,0.44,2.37,0.29
10,0.41,2.37,0.45,2.41,0.29
20,0.42,2.35,0.32,2.4,0.29
30,0.43,2.41,0.57,2.45,0.3
40,0.42,2.42,0.49,2.48,0.29
60,0.42,2.37,0.49,2.51,0.29
0,0.59,2.48,0.19,2.46,0.3
10,0.61,2.54,0.31,2.47,0.31
20,0.61,2.55,0.29,2.45,0.3
30,0.6,2.57,0.28,2.48,0.3
40,0.61,2.58,0.27,2.47,0.3
60,0.61,2.6,0.29,2.5,0.3
0,0.6,2.58,0.22,2.46,0.3
10,0.61,2.59,0.22,2.45,0.3
20,0.61,2.61,0.38,2.45,0.3
30,0.61,2.63,0.29,2.48,0.3
40,0.61,2.63,0.29,2.49,0.3
60,0.62,2.66,0.33,2.49,0.3
0,0.58,3.32,0.08,3.16,0.31
10,0.58,3.46,0.08,3.17,0.31
20,0.59,3.5,0.06,3.2,0.32
30,0.58,3.55,0.07,3.18,0.32
40,0.58,3.57,0.08,3.17,0.33
60,0.58,3.56,0.07,3.17,0.33
0,0.56,3.58,0.01,3.16,0.32
10,0.55,3.58,0.02,3.19,0.37
20,0.55,3.6,0.03,3.19,0.32
30,0.55,3.62,0.04,3.15,0.32
40,0.54,3.61,0.02,3.16,0.32
60,0.56,3.63,0.02,3.17,0.32
0,0.06,6.43,0.11,3.59,0.46
10,0.06,6.49,0.15,3.59,0.46
20,0.06,6.44,0.11,3.56,0.46
30,0.07,6.5,0.14,3.6,0.46
40,0.07,6.5,0.15,3.58,0.46
60,0.07,6.45,0.09,3.52,0.49
0,0.06,6.44,0.1,3.59,0.46
10,0.06,6.48,0.08,3.57,0.46
20,0.05,6.47,0.07,3.53,0.46
30,0.07,6.52,0.1,3.56,0.46
40,0.06,6.52,0.11,3.54,0.46
60,0.06,6.46,0.1,3.49,0.49
10,0.18,6.71,0.12,3.55,0.47
20,0.18,6.65,0.13,3.52,0.47
30,0.18,6.63,0.15,3.47,0.47
40,0.17,6.59,0.11,3.42,0.47
60,0.18,6.63,0.15,3.39,0.48
0,0.18,6.67,0.25,3.57,0.47
10,0.19,6.71,0.24,3.55,0.48
20,0.18,6.63,0.17,3.5,0.47
30,0.18,6.62,0.21,3.47,0.48
40,0.17,6.6,0.24,3.44,0.47
60,0.18,6.64,0.29,3.37,0.49
0,0.26,6.48,0.59,3.03,0.42
10,0.26,6.53,0.42,2.99,0.44
20,0.25,6.52,0.46,2.99,0.43
30,0.25,6.55,0.4,2.99,0.43
40,0.25,6.52,0.34,3,0.44
60,0.26,6.53,0.36,2.94,0.42
0,0.26,6.52,0.38,3.03,0.42
10,0.26,6.63,0.39,3.01,0.45
20,0.25,6.56,0.37,3,0.44
30,0.25,6.55,0.34,2.99,0.43
40,0.25,6.57,0.33,2.98,0.45
60,0.25,6.55,0.33,2.94,0.43
0,0.15,5.45,0.38,2.3,0.43
10,0.14,5.48,0.34,2.28,0.43
20,0.15,5.55,0.4,2.29,0.46
30,0.15,5.66,0.56,2.31,0.44
40,0.14,5.69,0.57,2.31,0.48
60,0.15,5.75,0.65,2.32,0.51
0,0.14,5.39,0.43,2.28,0.41
10,0.14,5.45,0.37,2.27,0.41
20,0.15,5.53,0.38,2.28,0.43
30,0.15,5.63,0.51,2.31,0.43
40,0.14,5.62,0.62,2.3,0.44
60,0.15,5.68,0.54,2.33,0.47
0,0.17,5.12,0.32,2.44,0.34
10,0.16,5,0.32,2.31,0.33
20,0.17,4.78,0.56,2.18,0.34
30,0.2,5.01,0.74,2.22,0.36
40,0.2,5.04,0.7,2.25,0.36
60,0.2,5.02,0.77,2.22,0.36
0,0.21,5.27,0.35,2.44,0.34
10,0.16,5.04,0.33,2.33,0.34
20,0.17,4.73,0.57,2.14,0.33
30,0.2,5,0.71,2.23,0.35
40,0.2,5.06,0.7,2.23,0.36
60,0.2,5.02,0.84,2.23,0.36
0,0.15,4.24,0.52,2.19,0.27
10,0.15,4.35,0.87,2.24,0.31
20,0.15,4.44,0.87,2.22,0.31
30,0.17,4.59,0.77,2.2,0.32
40,0.17,4.45,0.78,2.16,0.32
60,0.17,4.4,0.81,2.08,0.32
0,0.15,4.32,0.52,2.2,0.28
10,0.14,4.36,0.84,2.25,0.31
20,0.15,4.44,0.83,2.21,0.31
30,0.16,4.5,0.79,2.19,0.32
40,0.17,4.45,0.8,2.15,0.32
60,0.17,4.36,0.75,2.06,0.32
0,0.04,0.93,0.27,0.8,0.11
10,0.04,1.02,0.26,0.79,0.1
20,0.02,1.2,0.33,0.78,0.1
30,0.03,1.43,0.51,0.81,0.12
40,0.02,1.57,0.63,0.83,0.12
60,0.01,1.86,0.73,1.08,0.14
0,0.05,0.99,0.37,0.79,0.09
10,0.04,1.04,0.31,0.8,0.09
20,0.03,1.21,0.38,0.8,0.1
30,0.03,1.44,0.51,0.84,0.12
40,0.05,1.59,0.63,0.87,0.13
0,0,0.03,0.21,1.03,0.06
10,0,0.05,0.22,1.02,0.08
20,0,0.04,0.17,1.24,0.07
30,0.03,0.35,0.6,1.29,0.31
40,0.03,0.33,0.65,1.3,0.14
60,0.03,0.35,0.69,1.32,0.19
0,0.01,0.04,0.21,1.02,0.05
10,0,0.06,0.22,1.01,0.07
20,0,0.03,0.16,1.22,0.06
30,0.02,0.33,0.56,1.27,0.28
40,0.02,0.31,0.57,1.25,0.11
60,0.02,0.33,0.65,1.28,0.18
0,0.02,0.03,0,0.74,0.03
10,0.05,0.11,0,0.74,0.05
20,0.02,0.05,0,0.19,0.04
30,0.08,1.48,2.62,2.26,0.28
60,0.09,1.53,2.73,2.3,0.3
0,0.02,0.03,0,0.69,0.02
10,0.04,0.11,0,0.7,0.05
20,0.01,0.04,0,0.18,0.02
30,0.08,1.48,2.59,2.23,0.27
60,0.09,1.51,2.77,2.35,0.3
0,0,0,0.45,0.09,0.03
10,0,0,0.44,0.11,0.02
20,0.41,1.7,1.69,1.54,0.44
30,0.54,2.9,2.41,2.39,0.28
40,0.72,3.28,2.85,2.66,0.36
60,0.51,2.96,2.91,2.7,0.33
0,0,0.02,0.45,0.1,0.02
10,0,0.03,0.43,0.11,0.02
20,0.41,1.71,0.95,1.53,0.12
30,0.53,2.87,2.4,2.39,0.27
40,0.71,3.26,2.83,2.7,0.36
60,0.5,2.95,2.9,2.69,0.32
0,0.01,0.04,0.43,1.51,0.03
10,0.01,0.03,0.44,1.49,0.03
20,0.01,0.03,0.43,1.52,0.15
30,1.44,3.25,0.4,2.9,0.24
40,1.59,4.83,0.34,3.17,0.32
60,2.34,5.67,0.23,3.72,0.37
0,0.01,0.05,0.43,1.52,0.03
10,0.01,0.03,0.42,1.49,0.03
0,0.22,4.4,0.14,2.95,0.25
10,0.17,2.75,0.19,2.18,0.2
20,0.2,3.19,0.12,2.35,0.23
30,0.2,3.16,0.13,2.43,0.21
40,0.2,3.18,0.11,2.49,0.22
10,0.19,2.88,0.2,2.26,0.22
40,0.2,3.16,0.12,2.46,0.22
60,0.2,3.18,0.1,2.49,0.23
0,0.56,2.07,0.5,1.54,1.32
10,0.6,2.19,0.23,1.58,0.29
20,0.69,3.57,0.15,1.88,0.23
30,0.72,3.96,0.13,2.05,0.25
60,0.77,4.82,0.07,2.73,0.3
0,0.55,2.08,0.53,1.5,1.3
10,0.6,2.2,0.24,1.55,0.27
20,0.69,3.6,0.16,1.86,0.23
30,0.72,3.96,0.11,2.08,0.24
40,0.74,4.43,0.05,2.33,0.27
60,0.77,4.83,0.09,2.72,0.3
0,0.35,4.37,0.06,1.96,0.37
10,0.37,4.45,0.08,1.94,0.38
20,0.34,4.43,0.04,1.95,0.36
30,0.36,4.49,0.11,1.91,0.36
40,0.34,4.8,0.21,1.84,0.4
60,0.28,4.86,0.03,2,0.41
0,0.36,4.38,0.08,1.92,0.36
10,0.38,4.43,0.13,1.94,0.38
20,0.35,4.41,0.08,1.92,0.36
30,0.37,4.47,0.09,1.89,0.36
40,0.34,4.6,0.2,1.8,0.4
60,0.29,4.85,0.07,2,0.41
20,0.11,5.15,0.19,2.12,0.37
30,0.12,5.19,0.2,2.08,0.38
40,0.11,5.26,0.15,2.12,0.38
60,0.11,5.24,0.19,2.06,0.45
0,0.11,5.16,0.22,2.09,0.38
10,0.11,5.17,0.18,2.14,0.38
20,0.11,5.16,0.2,2.11,0.38
30,0.11,5.17,0.22,2.08,0.37
40,0.11,5.14,0.17,2.11,0.39
60,0.11,5.17,0.2,2.09,0.44
10,0.07,5.87,0.56,3.35,0.6
20,0.08,7.27,0.53,4.33,0.77
40,0.08,5.8,0.51,3.47,0.67
60,0.11,5.96,0.62,3.38,0.69
10,0.04,5.86,0.45,3.28,0.55
20,0.04,7.26,0.4,4.24,0.71
40,0.04,5.78,0.39,3.42,0.6
60,0.04,5.93,0.41,3.31,0.58
0,0.12,6.46,0.52,3.64,0.55
10,0.11,6.53,0.51,3.68,0.56
20,0.13,6.71,0.5,3.69,0.55
30,0.12,6.75,0.52,3.72,0.57
40,0.12,6.75,0.52,3.71,0.57
60,0.16,7.27,0.54,4.07,0.6
0,0.1,6.6,1.19,3.7,0.57
10,0.11,6.65,0.75,3.74,0.57
20,0.11,6.65,0.62,3.69,0.55
30,0.12,6.67,0.67,3.71,0.56
40,0.12,6.62,0.5,3.7,0.56
60,0.13,7.12,0.49,4.03,0.61
0,0.26,6.18,0.48,2.82,0.46
10,0.24,6.05,0.44,2.66,0.45
20,0.19,5.93,0.45,2.4,0.44
30,0.2,6.11,0.45,2.37,0.44
40,0.23,6.24,0.51,2.43,0.46
60,0.21,6.28,0.6,2.54,0.48
0,0.25,6.13,0.46,2.87,0.45
10,0.24,6.02,0.43,2.66,0.43
20,0.18,5.95,0.47,2.41,0.41
30,0.19,6.11,0.44,2.41,0.43
40,0.22,6.24,0.5,2.42,0.45
60,0.2,6.29,0.61,2.47,0.46
0,0.16,4.38,0.44,2.14,0.32
10,0.16,4.32,0.44,2.15,0.32
20,0.17,4.55,0.39,2.13,0.33
30,0.19,4.96,0.72,2.24,0.36
40,0.19,4.97,0.8,2.25,0.36
60,0.19,4.99,0.86,2.28,0.37
0,0.16,4.39,0.46,2.15,0.32
10,0.16,4.34,0.48,2.1,0.31
20,0.17,4.54,0.39,2.1,0.32
30,0.19,4.96,0.72,2.22,0.36
60,0.19,4.99,0.84,2.27,0.36
0,0,0,0.06,0.45,0.05
10,0.03,0.29,0.08,1.07,0.12
20,0.16,3.45,1.01,1.92,0.35
30,0.16,3.49,1.04,1.97,0.35
40,0.17,3.55,1.03,2,0.36
60,0.17,3.54,1.05,2.02,0.36
20,0.15,3.46,0.99,1.89,0.35
30,0.16,3.55,1.02,1.95,0.36
40,0.16,3.59,1.07,1.96,0.37
60,0.16,3.58,1.11,1.96,0.37
0,0,0,0.21,0.11,0.05
10,0,0,0.19,0.1,0.05
20,0.01,0.02,0.23,0.11,0.05
30,0.06,0.94,1.68,0.57,0.21
40,0.07,1.06,1.98,0.76,0.24
60,0.06,1.05,2,0.74,0.24
40,0.06,1.07,2,0.77,0.23
60,0.06,1.07,2.04,0.75,0.25
0,0,0.03,0.08,0.08,0.01
10,0,0.02,0.04,0.07,0.01
20,0.01,0.03,0.66,0.41,0.07
30,0.09,0.99,1.89,0.87,0.26
40,0.09,0.89,1.75,0.86,0.18
60,0.08,0.91,1.97,0.89,0.2
0,0,0.04,0.27,0.1,0.03
10,0,0.04,0.27,0.08,0.02
20,0.01,0.04,0.38,0.41,0.05
30,0.08,0.92,1.83,0.84,0.24
40,0.08,0.9,1.8,0.84,0.18
60,0.08,0.94,2.02,0.89,0.19
0,0.03,0.05,0.08,0.06,0.03
10,0.01,0.04,0.12,0.04,0.02
20,0.16,1.5,1.77,0.97,0.13
30,0.13,1.38,1.82,1.11,0.26
40,0.13,1.43,1.9,1.24,0.17
60,0.08,0.85,1.73,1.14,0.17
0,0.05,0.12,0.13,0.06,0.03
10,0.01,0.04,0.04,0.05,0.02
20,0.15,1.52,1.67,0.96,0.13
30,0.13,1.37,1.72,1.11,0.17
40,0.13,1.45,1.9,1.21,0.17
60,0.08,0.88,1.66,1.14,0.17
0,0.01,0.02,0.05,0.16,0.02
10,0.02,0.02,0.22,0.15,0.06
20,0.04,0.08,0.32,0.35,0.12
30,0.18,1.43,2.66,1.66,0.29
40,0.19,1.44,2.6,1.82,0.23
60,0.23,1.56,2.94,1.89,0.29
0,0.01,0.02,0.1,0.16,0.02
10,0.01,0.03,0.28,0.15,0.05
20,0.04,0.08,0.29,0.35,0.11
30,0.18,1.46,2.68,1.66,0.3
40,0.19,1.48,2.64,1.81,0.23
60,0.23,1.59,2.93,1.91,0.28
0,0.01,0.02,0.07,1.68,0.04
10,0.02,0.03,0.09,1.72,0.03
20,1.46,3.29,1.85,2.95,0.27
30,1.45,3.34,2.24,3.1,0.32
40,1.45,3.36,2.18,3.06,0.3
60,1.56,3.49,2.13,3.09,0.31
0,0.01,0.05,0.12,1.77,0.03
10,0.02,0.05,0.08,1.73,0.02
20,1.4,3.18,1.82,2.95,0.28
30,1.39,3.26,2.21,3.03,0.3
40,1.41,3.29,2.19,3.04,0.33
60,1.48,3.36,2.19,3.07,0.31
0,0.02,0.03,0.04,1.82,0.04
10,0.02,0.03,0.11,1.78,0.05
20,0.05,0.13,0.25,1.84,0.05
30,0.11,3.27,0.08,2.31,0.22
40,0.11,3.58,0.07,2.35,0.22
60,0.09,3.97,0.12,2.55,0.25
0,0.01,0.03,0.13,1.78,0.03
10,0.01,0.03,0.12,1.81,0.05
20,0.04,0.13,0.2,1.86,0.05
30,0.13,3.25,0.09,2.22,0.2
40,0.11,3.56,0.11,2.32,0.23
60,0.1,3.95,0.15,2.54,0.25
0,0,0,0,1.32,0.03
10,0,0,0,1.44,0.04
20,0.01,0.03,0.15,1.46,0.07
30,0.31,1.36,0.9,1.88,0.2
40,0.8,3.81,0.17,2.52,0.31
60,0.83,4.28,0.04,2.59,0.32
0,0,0,0,1.33,0.04
10,0,0,0.03,1.43,0.04
20,0,0.05,0.18,1.46,0.06
30,0.3,1.35,0.88,1.84,0.18
40,0.77,3.76,0.24,2.52,0.29
60,0.8,4.22,0.1,2.57,0.32
0,0.46,3.32,0.79,2.57,0.43
10,0.46,2.97,0.28,2.59,0.27
20,0.46,3,0.28,2.6,0.27
30,0.42,3.64,0.17,2.74,0.29
40,0.4,3.85,0.13,2.75,0.3
60,0.4,3.84,0.28,2.77,0.3
0,0.46,3.34,0.77,2.57,0.41
10,0.47,3.01,0.34,2.55,0.28
20,0.47,3.04,0.33,2.6,0.25
30,0.42,3.61,0.25,2.74,0.28
40,0.4,3.81,0.19,2.73,0.3
60,0.41,3.84,0.38,2.75,0.29
0,0.4,2.99,0.2,2.38,0.26
10,0.41,3.06,0.18,2.49,0.26
20,0.42,3.17,0.18,2.46,0.27
30,0.4,3.53,0.14,2.68,0.31
40,0.3,4.44,0.09,3.05,0.35
60,0.31,4.49,0.12,3.09,0.37
0,0.11,4.99,0.08,2.77,0.36
10,0.1,5.01,0.09,2.75,0.36
20,0.11,5.04,0.09,2.76,0.36
30,0.11,5.07,0.11,2.78,0.37
40,0.1,4.73,0.09,2.63,0.35
60,0.1,5.04,0.1,2.72,0.36
0,0.18,5.18,0.13,2.55,0.4
10,0.18,5.23,0.11,2.54,0.4
20,0.18,5.28,0.11,2.64,0.43
30,0.17,5.25,0.11,2.58,0.41
40,0.17,5.26,0.11,2.56,0.39
60,0.18,5.28,0.13,2.55,0.41
0,0.19,5.41,1.2,2.58,0.37
10,0.18,5.26,0.14,2.54,0.39
20,0.18,5.32,0.11,2.56,0.4
30,0.18,5.32,0.13,2.6,0.41
40,0.18,5.37,0.13,2.58,0.41
60,0.18,5.28,0.11,2.62,0.39
0,0.08,5.56,0.06,2.27,0.44
10,0.07,5.64,0.08,2.28,0.43
20,0.07,5.63,0.07,2.26,0.44
30,0.08,5.66,0.07,2.27,0.44
40,0.07,5.7,0.07,2.27,0.44
60,0.07,5.67,0.08,2.28,0.44
0,0.07,5.58,0,2.26,0.42
10,0.06,5.62,0,2.25,0.43
20,0.06,5.63,0,2.26,0.42
30,0.07,5.66,0.06,2.27,0.43
40,0.07,5.64,0.05,2.26,0.42
60,0.06,5.65,0.03,2.28,0.43
10,0.18,5.34,0.16,1.68,0.41
20,0.16,4.98,0.19,1.54,0.38
30,0.17,5.45,0.19,1.72,0.42
40,0.17,5.38,0.21,1.69,0.42
60,0.17,5.39,0.17,1.67,0.42
0,0.21,5.47,0.22,1.69,0.39
10,0.17,5.43,0.16,1.66,0.4
20,0.18,5.48,0.22,1.69,0.41
30,0.17,5.49,0.19,1.67,0.4
40,0.18,5.53,0.22,1.67,0.4
60,0.17,5.54,0.2,1.66,0.41
0,0.26,4.23,0.51,0.8,0.34
10,0.26,4.27,0.45,0.76,0.33
20,0.26,4.29,0.71,0.75,0.33
30,0.27,4.31,0.51,0.76,0.34
40,0.27,4.28,0.49,0.75,0.34
60,0.27,4.3,0.53,0.75,0.36
0,0.27,4.3,0.61,0.79,0.34
10,0.26,4.29,0.5,0.78,0.34
20,0.26,4.31,0.5,0.77,0.33
30,0.26,4.29,0.46,0.77,0.34
40,0.26,4.3,0.48,0.76,0.34
60,0.26,4.29,0.53,0.75,0.33
0,0,0.07,0.86,0.45,0.06
10,0,0.06,0.88,0.45,0.08
20,0.05,0.83,1.75,0.67,0.16
30,0.05,0.84,1.66,0.66,0.16
40,0.06,1.02,1.44,0.74,0.19
60,0.07,1.02,1.51,0.77,0.2
0,0,0.09,0.88,0.45,0.06
10,0,0.07,0.87,0.45,0.06
20,0.05,0.85,1.79,0.66,0.16
30,0.05,0.86,1.79,0.67,0.14
40,0.06,1.04,1.95,0.75,0.17
60,0.07,1,2.06,0.77,0.19
0,0,0.05,0.61,0.42,0.03
10,0,0.1,1,0.45,0.04
20,0,0.16,0.83,0.45,0.04
30,0,0.28,0.67,0.43,0.06
40,0.05,1.15,1.46,0.71,0.2
60,0.06,1.15,1.82,0.73,0.22
0,0,0.06,0.44,0.41,0.03
10,0,0.08,0.49,0.41,0.04
20,0,0.16,0.54,0.43,0.04
30,0,0.27,0.64,0.44,0.06
40,0.04,1.12,1.74,0.7,0.19
60,0.06,1.15,1.88,0.73,0.22
0,0,0,0.72,0.1,0
10,0,0,0.68,0.1,0.02
20,0,0,0.68,0.2,0.03
30,0.04,0.57,1.66,0.89,0.18
40,0.06,0.86,2.15,1.07,0.24
60,0.06,0.87,1.91,1.13,0.24
0,0,0,0.68,0.08,0.02
10,0,0,0.72,0.09,0.02
20,0,0,0.74,0.15,0.03
30,0.04,0.55,1.36,0.86,0.17
40,0.06,0.84,1.98,1.07,0.24
60,0.06,0.84,1.96,1.13,0.24
0,0,0,0,0.43,0
10,0,0,0,0.4,0
20,0.17,2.23,1.35,0.95,0.24
30,0.17,2.26,1.63,1.07,0.28
40,0.17,2.19,1.75,1.11,0.27
60,0.13,1.6,1.61,1.19,0.25
0,0,0,0,0.41,0
10,0,0,0,0.35,0
20,0.17,2.23,1.32,0.93,0.22
30,0.17,2.3,1.67,1.04,0.26
40,0.17,2.51,1.83,1.11,0.24
60,0.13,1.65,1.62,1.19,0.24
0,0,0,0.22,0.28,0
10,0,0,0.21,0.28,0
20,0.12,0.91,1.08,1.24,0.14
30,0.14,1.13,1.27,1.45,0.18
40,0.16,1.37,1.48,1.5,0.22
60,0.17,1.37,1.47,1.59,0.22
0,0,0,0.21,0.25,0
10,0,0,0.22,0.27,0
20,0.11,0.93,1.08,1.23,0.16
30,0.14,1.15,1.27,1.44,0.19
40,0.16,1.39,1.47,1.47,0.21
60,0.16,1.37,1.46,1.59,0.22
0,0.02,0.04,0,0.49,0.03
10,0.01,0.03,0,0.48,0.02
20,0.13,0.18,0,0.54,0.02
30,2.61,4.09,0.04,2.38,0.31
40,2.6,4.12,0.03,2.4,0.31
60,2.64,4.17,0.13,2.42,0.36
0,0.02,0.04,0,0.5,0.06
10,0.02,0.04,0,0.58,0.08
20,0.14,0.18,0,0.55,0.05
30,2.63,4.12,0,2.37,0.31
40,2.63,4.12,0,2.39,0.32
60,2.14,3.4,0.11,2.32,0.49
0,0.01,0.02,0,1.35,0.14
10,0.02,0.03,0,1.37,0.12
20,0.01,0.02,0,1.14,0.13
30,0.01,0.02,0,1.62,0.24
40,0.14,4,0,2.32,0.31
60,0.13,4.19,0,2.36,0.32
0,0.5,0.99,0.76,2.3,0.14
10,0.5,1,0.75,2.31,0.15
20,0.51,1.01,0.75,2.31,0.14
30,0.51,1.03,0.73,2.31,0.14
40,0.49,1.07,0.75,2.34,0.15
60,0.49,1.26,0.71,2.43,0.17
0,0.47,1.01,1.07,2.33,0.14
10,0.48,0.97,0.8,2.3,0.13
20,0.49,0.97,0.82,2.32,0.14
30,0.49,0.98,0.78,2.32,0.14
40,0.48,1.04,0.78,2.34,0.15
60,0.47,1.24,0.81,2.4,0.16
0,0.92,2.12,0.1,2.27,0.23
10,0.92,2.09,0.13,2.28,0.23
20,0.93,2.15,0.1,2.28,0.23
30,0.95,2.15,0.09,2.27,0.23
40,0.92,2.13,0.13,2.27,0.23
60,0.92,2.13,0.09,2.27,0.23
0,0.92,1.98,0.17,2.27,0.22
10,0.92,1.99,0.16,2.27,0.22
20,0.94,2.01,0.15,2.28,0.22
30,0.94,1.99,0.13,2.27,0.22
40,0.94,1.98,0.14,2.27,0.22
60,0.94,1.99,0.15,2.27,0.23
10,0.05,4.12,0.06,1.94,0.36
20,0.04,4.2,0.03,1.94,0.36
30,0.05,4.24,0.04,1.95,0.37
40,0.05,4.26,0.05,1.95,0.37
60,0.05,4.27,0.04,1.94,0.37
10,0.05,4.18,0.14,1.93,0.36
20,0.05,4.23,0.06,1.94,0.36
30,0.05,4.28,0.04,1.95,0.37
40,0.05,4.29,0.06,1.96,0.36
60,0.05,4.29,0.06,1.95,0.36
0,0.05,4.77,0.09,2.03,0.47
10,0.04,4.97,0.13,2.05,0.47
20,0.04,5.01,0.11,2.03,0.48
30,0.04,5.03,0.1,2.04,0.49
40,0.05,5.03,0.12,2.06,0.49
60,0.04,4.98,0.09,2.08,0.5
0,0.04,4.65,0.09,1.99,0.46
10,0.04,4.81,0.08,1.98,0.46
20,0.04,4.86,0.08,1.95,0.47
30,0.04,4.89,0.08,1.92,0.47
40,0.04,4.88,0.1,1.89,0.47
60,0.04,4.87,0.09,1.86,0.47
0,0.05,5.38,0.31,2.88,0.47
10,0.05,5.45,0,2.91,0.48
20,0.05,5.46,0,2.88,0.48
30,0.05,5.48,0,2.87,0.47
40,0.05,5.5,0,2.89,0.48
60,0.05,5.48,0,2.88,0.47
0,0.05,5.38,0.34,2.86,0.46
10,0.05,5.4,0,2.89,0.46
20,0.05,5.41,0,2.89,0.48
30,0.05,5.46,0,2.88,0.47
40,0.05,5.5,0,2.89,0.47
60,0.05,5.46,0,2.88,0.47
0,0.1,5.36,0.21,2.29,0.46
10,0.1,5.33,0.21,2.31,0.47
20,0.09,5.39,0.29,2.26,0.46
30,0.1,5.38,0.25,2.26,0.46
40,0.09,5.38,0.2,2.29,0.47
60,0.1,5.39,0.2,2.27,0.48
0,0.1,5.36,0.26,2.28,0.43
20,0.12,5.37,0.24,2.27,0.47
30,0.12,5.38,0.27,2.26,0.45
40,0.11,5.39,0.29,2.28,0.49
60,0.1,5.42,0.21,2.27,0.45
0,0.19,5.87,0.11,2.7,0.43
10,0.19,5.91,0.11,2.71,0.43
20,0.19,5.93,0.14,2.69,0.44
30,0.19,5.9,0.09,2.69,0.44
40,0.2,5.92,0.08,2.68,0.44
60,0.19,5.96,0.11,2.65,0.45
0,0.18,5.98,0.22,2.62,0.43
20,0.19,5.95,0.08,2.63,0.43
30,0.19,5.95,0.09,2.67,0.43
40,0.19,5.96,0.09,2.64,0.42
60,0.19,5.95,0.1,2.65,0.44
0,0.24,6.03,0.08,2.82,0.43
10,0.26,6.14,0.08,2.82,0.44
20,0.27,6.22,0.08,2.81,0.45
30,0.28,6.24,0.1,2.8,0.45
40,0.29,6.11,0.1,2.67,0.45
60,0.28,6.06,0.14,2.6,0.46
0,0.24,6.12,0.13,2.89,0.43
10,0.25,6.21,0.14,2.85,0.44
20,0.26,6.22,0.13,2.82,0.45
40,0.28,6.12,0.14,2.67,0.44
60,0.27,6.08,0.14,2.61,0.43
0,0.23,5.29,0.18,2.24,0.42
10,0.23,5.36,0.24,2.25,0.42
20,0.25,5.43,0.17,2.23,0.42
30,0.25,5.53,0.19,2.2,0.44
40,0.25,5.54,0.29,2.19,0.45
60,0.25,5.55,0.22,2.2,0.44
0,0.23,5.29,0.48,2.21,0.42
10,0.23,5.35,0.29,2.19,0.42
20,0.24,5.42,0.19,2.2,0.41
30,0.25,5.55,0.2,2.21,0.44
40,0.24,5.55,0.22,2.17,0.43
60,0.25,5.53,0.22,2.14,0.44
0,0.15,3.64,0.14,1.38,0.36
10,0.16,3.76,0.19,1.4,0.39
20,0.18,4.05,0.27,1.47,0.4
30,0.24,4.84,0.39,1.57,0.46
40,0.28,5.14,0.5,1.65,0.47
60,0.28,5.11,0.56,1.68,0.48
0,0.15,3.69,0.18,1.36,0.36
10,0.16,3.81,0.2,1.45,0.39
20,0.18,4.12,0.28,1.46,0.41
30,0.24,4.87,0.37,1.57,0.45
40,0.28,5.21,0.52,1.7,0.48
60,0.28,5.18,0.55,1.7,0.52
0,0.01,0.02,0.16,0.45,0.07
10,0.02,0.03,0.2,0.43,0.09
20,0.01,0.05,0.37,0.43,0.12
30,0.12,2.57,0.64,0.75,0.28
40,0.12,1.96,0.96,0.73,0.25
60,0.12,1.79,0.87,0.71,0.24
0,0,0.05,0.33,0.33,0.05
10,0.01,0.03,0.23,0.29,0.07
20,0.01,0.05,0.34,0.32,0.1
30,0.1,2.54,0.65,0.7,0.24
40,0.12,1.96,1.03,0.67,0.23
60,0.11,1.78,1.07,0.63,0.23
10,0,0,0.13,0.28,0.06
20,0,0,0.16,0.29,0.07
30,0,0,0.36,0.36,0.11
40,0,0,0.41,0.4,0.11
60,0,0,0.43,0.43,0.13
0,0,0,0.22,0.15,0.06
10,0,0,0.16,0.26,0.05
20,0,0,0.13,0.26,0.07
30,0,0,0.42,0.36,0.09
40,0,0,0.42,0.4,0.1
60,0,0,0.47,0.4,0.12
0,0,0.03,0,0.47,0
10,0,0.02,0,0.43,0.03
20,0.01,0.13,0.28,0.41,0.09
30,0.01,0.24,2.25,0.88,0.21
40,0.01,0.24,2.33,0.91,0.22
60,0.01,0.23,2.31,0.89,0.22
0,0,0.03,0,0.43,0
10,0,0.02,0,0.45,0
20,0,0.14,0.23,0.43,0.07
30,0.01,0.24,2.29,0.9,0.2
40,0.01,0.24,2.3,0.92,0.21
60,0.01,0.24,2.75,0.9,0.21
0,0,0,0.06,0.19,0
10,0,0.02,0.09,0.23,0
20,0.04,0.48,2.25,1.25,0.23
30,0.04,0.48,2.44,1.38,0.25
40,0.04,0.47,2.48,1.34,0.24
60,0.04,0.45,2.54,1.32,0.24
0,0,0.02,0.1,0.19,0
10,0,0.02,0.1,0.19,0
20,0.03,0.5,2.24,1.24,0.2
30,0.03,0.51,2.48,1.35,0.24
40,0.03,0.47,2.51,1.34,0.23
60,0.04,0.48,2.59,1.3,0.22
0,0,0,0.06,0.86,0
10,0,0,0.09,0.86,0.04
20,0.12,0.82,1.9,2.08,0.27
30,0.14,0.97,2.04,2.16,0.26
40,0.12,0.97,2.02,2.18,0.28
60,0.13,1,2.12,2.14,0.27
0,0,0,0.13,0.8,0
10,0,0,0.12,0.77,0
20,0.11,0.88,1.78,2.06,0.22
30,0.13,1.04,2.03,2.13,0.24
40,0.13,1.03,2.04,2.13,0.26
60,0.13,1.04,2.04,2.11,0.24
0,0,0,0.29,1.03,0
10,0,0,0.28,0.99,0
20,0,0,0.35,1.49,0.02
30,0.22,1.12,2.24,2.11,0.26
40,0.23,1.25,2.48,2.13,0.29
60,0.22,1.25,2.47,2.12,0.29
0,0,0,0.34,1.01,0
10,0,0,0.28,0.97,0
20,0,0,0.33,1.48,0
30,0.21,1.26,2.32,2.09,0.24
40,0.22,1.29,2.45,2.14,0.27
60,0.22,1.28,2.37,2.12,0.28
0,0,0,0,0.47,0
10,0,0.03,0,0.41,0
20,0.46,1.18,1.56,2.01,0.21
30,0.46,1.16,1.51,2.03,0.2
40,0.45,1.17,1.49,2.04,0.22
60,0.44,1.13,1.34,2.08,0.2
0,0,0.03,0.04,0.37,0
10,0,0.03,0.05,0.47,0
20,0.46,1.16,1.55,1.96,0.21
30,0.45,1.22,1.56,1.99,0.21
40,0.45,1.21,1.52,2.02,0.2
60,0.44,1.15,1.36,2.06,0.2
0,0,0,0.15,1.19,0.03
10,0,0.02,0.24,1.11,0.06
20,0,0.02,0.17,1.24,0.05
30,2.15,3.27,0.1,2.55,0.28
40,2.32,3.63,0.07,2.62,0.3
60,2.24,3.54,0.22,2.62,0.3
0,0,0.02,0.19,1.07,0.02
10,0,0.02,0.18,1.07,0.03
20,0,0.02,0.19,1.01,0.03
30,2.13,3.11,0.1,2.55,0.25
40,2.28,4.02,0.19,3.08,0.5
60,2.23,3.41,0.24,2.62,0.3
0,0.13,0.18,0.19,1.16,0
10,0.13,0.2,0.22,0.81,0.03
20,1.1,3.97,0.1,2.6,0.39
30,1.45,4.33,0.07,2.74,0.29
40,1.43,4.33,0.08,2.73,0.33
60,1.31,4.36,0.08,2.73,0.33
0,0.12,0.18,0.28,0.91,0.04
10,0.12,0.18,0.23,0.78,0.05
20,1.3,4.25,0.14,2.64,0.32
30,1.45,4.36,0.13,2.73,0.32
40,1.44,4.37,0.12,2.73,0.31
60,1.32,4.4,0.19,2.73,0.32
0,0.03,0.04,0.14,1.53,0
10,0,0.02,0.13,1.55,0.02
20,0.09,3.14,0.13,2.32,0.26
30,0.04,4.27,0.13,2.7,0.36
40,0.04,4.32,0.12,2.68,0.34
60,0.04,4.33,0.14,2.67,0.34
0,0.02,0.08,0.17,1.55,0
10,0,0.02,0.18,1.43,0
20,0.08,3.18,0.16,2.3,0.25
30,0.03,4.32,0.13,2.76,0.44
40,0.03,4.35,0.14,2.67,0.34
60,0.03,4.36,0.16,2.65,0.34
0,0.5,2.6,0.09,2.84,0.24
10,0.5,2.7,0.09,2.66,0.24
20,0.5,2.76,0.09,2.61,0.24
30,0.5,2.78,0.09,2.64,0.25
40,0.48,2.84,0.09,2.65,0.26
60,0.47,3.17,0.17,2.74,0.27
0,0.5,2.78,0.13,2.48,0.22
10,0.5,2.78,0.11,2.51,0.23
20,0.5,2.76,0.1,2.53,0.24
30,0.5,2.76,0.1,2.58,0.23
40,0.48,2.79,0.1,2.53,0.24
60,0.47,3.13,0.2,2.66,0.27
0,0.83,1.82,0.09,2.05,0.25
10,0.84,1.93,0.1,2.04,0.25
20,0.84,1.98,0.1,2.1,0.26
30,0.86,2.15,0.12,2.12,0.27
40,0.82,2.33,0.1,2.23,0.27
60,0.77,2.53,0.09,2.37,0.29
0,0.83,1.98,0.12,2.07,0.24
10,0.83,2.04,0.11,2.05,0.24
20,0.84,2.09,0.13,2.06,0.25
30,0.85,2.25,0.09,2.12,0.27
40,0.82,2.42,0.07,2.23,0.27
60,0.77,2.61,0.09,2.43,0.29
0,0.12,3.82,0.1,2.15,0.32
10,0.11,3.82,0.1,2.14,0.32
20,0.11,3.84,0.1,2.12,0.32
30,0.12,3.82,0.1,2.13,0.32
40,0.1,3.84,0.11,2.14,0.32
60,0.11,3.85,0.09,2.24,0.32
0,0.11,3.88,0.11,2.16,0.32
10,0.11,3.87,0.11,2.14,0.33
20,0.11,3.87,0.11,2.12,0.33
30,0.12,3.88,0.1,2.12,0.33
40,0.1,3.89,0.1,2.11,0.33
60,0.11,3.89,0.11,2.12,0.33
0,0.09,3.43,0.06,2.54,0.3
10,0.11,3.89,0.07,1.99,0.31
20,0.11,3.96,0.07,2.03,0.33
30,0.12,4.03,0.1,2.03,0.32
40,0.12,4.01,0.06,2.01,0.32
60,0.12,4.11,0.06,2.06,0.34
0,0.09,3.44,0.19,2.06,0.3
10,0.11,3.84,0.1,1.98,0.31
20,0.11,3.96,0.1,1.98,0.31
30,0.11,3.97,0.12,2.01,0.32
40,0.12,3.95,0.09,2,0.31
60,0.12,4.07,0.09,2.04,0.32
0,0.1,4.44,0.06,2.68,0.37
10,0.1,4.48,0.07,2.68,0.38
20,0.1,4.49,0.06,2.66,0.39
30,0.11,4.5,0.06,2.69,0.43
40,0.11,4.5,0.08,2.62,0.38
60,0.11,4.53,0.07,2.62,0.38
0,0.11,4.47,0.09,2.6,0.37
10,0.11,4.51,0.09,2.57,0.38
20,0.11,4.5,0.12,2.55,0.38
30,0.13,4.53,0.07,2.67,0.43
40,0.12,4.51,0.1,2.56,0.38
60,0.12,4.52,0.09,2.56,0.39
0,0.07,4.61,0,2.96,0.41
10,0.09,4.62,0,3.1,0.44
20,0.1,4.69,0,3.01,0.43
30,0.08,4.74,0,3,0.41
40,0.08,4.7,0,2.99,0.41
60,0.08,4.68,0,3.04,0.42
0,0.17,4.58,0,1.52,0.37
10,0.18,4.64,0,1.49,0.41
20,0.17,4.64,0,1.5,0.39
30,0.17,4.65,0,1.47,0.38
40,0.17,4.67,0,1.48,0.38
60,0.18,4.68,0,1.46,0.38
0,0.17,4.88,0,1.51,0.35
10,0.17,4.65,0.03,1.46,0.37
20,0.17,4.67,0.03,1.46,0.37
30,0.17,4.67,0.04,1.44,0.38
40,0.17,4.67,0,1.46,0.37
60,0.17,4.56,0,1.42,0.36
0,0.24,5.31,0.2,2.45,0.44
10,0.22,5.3,0.25,2.36,0.43
20,0.23,5.33,0.26,2.39,0.41
30,0.23,5.33,0.32,2.36,0.42
40,0.23,5.33,0.26,2.33,0.43
60,0.18,5.34,0,2.32,0.44
0,0.22,5.22,0,2.35,0.4
10,0.22,5.28,0,2.36,0.4
20,0.23,5.31,0.21,2.34,0.4
30,0.23,5.4,0.28,2.34,0.42
40,0.23,5.37,0.25,2.32,0.41
60,0.23,5.34,0.26,2.31,0.4
0,0.22,3.44,0.23,1.57,0.3
10,0.22,3.48,0.26,1.53,0.32
20,0.22,3.56,0.23,1.48,0.31
30,0.24,4.3,0.37,1.67,0.37
40,0.24,4.44,0.4,1.7,0.37
60,0.25,4.44,0.39,1.67,0.37
0,0.23,3.51,0.17,1.51,0.31
10,0.22,3.45,0.25,1.48,0.31
20,0.22,3.58,0.23,1.49,0.3
30,0.24,4.3,0.35,1.62,0.34
40,0.24,4.45,0.42,1.68,0.36
60,0.24,4.43,0.38,1.64,0.36
0,0,0.08,0.28,0.35,0.13
10,0.02,0.14,0.27,0.39,0.15
20,0.03,0.23,0.25,0.34,0.15
30,0.13,1.35,0.41,0.37,0.24
40,0.15,1.53,0.24,0.42,0.24
60,0.12,1.28,0.39,0.52,0.27
0,0,0.13,0.35,0.31,0.11
10,0.02,0.16,0.26,0.37,0.13
20,0.03,0.24,0.24,0.3,0.14
30,0.14,1.33,0.49,0.39,0.22
40,0.14,1.53,0.23,0.4,0.23
60,0.14,1.46,0.32,0.37,0.23
0,0,0,0,0.08,0.06
10,0,0,0,0.1,0.08
20,0.01,0.04,0,0.21,0.11
30,0.02,0.14,0.07,0.37,0.14
40,0.03,0.17,0.13,0.41,0.15
60,0.03,0.17,0.11,0.44,0.16
0,0,0,0,0.1,0.05
10,0,0,0,0.16,0.07
20,0.01,0.04,0,0.21,0.09
30,0.02,0.15,0,0.38,0.12
40,0.03,0.17,0.1,0.43,0.13
10,0,0,0.18,0.27,0
20,0.03,0.1,0.63,0.81,0.18
40,0.05,0.32,1.56,0.94,0.21
0,0,0,0.15,0.27,0
10,0.01,0.05,0.24,0.26,0
20,0.03,0.11,0.6,0.79,0.1
30,0.05,0.29,1.56,0.86,0.18
40,0.05,0.3,1.57,0.87,0.17
60,0.04,0.3,1.51,0.86,0.18
0,0,0,0.15,0.12,0.03
10,0,0,0.17,0.13,0.02
20,0,0,0.22,0.12,0.04
30,0,0,0.21,0.11,0.06
40,0.06,0.86,2,1.25,0.24
60,0.07,0.89,2.04,1.25,0.25
0,0,0,0.23,0.12,0
10,0,0,0.2,0.12,0
20,0,0,0.21,0.13,0
30,0,0.06,0.22,0.17,0.16
40,0.07,0.91,1.95,1.33,0.23
60,0.07,0.91,1.97,1.34,0.24
0,0,0,0.05,0.51,0.02
10,0.01,0.02,0.07,0.5,0.03
20,0.02,0.05,0.25,1.08,0.12
30,0.05,0.31,0.88,1.41,0.18
40,0.06,0.36,1.11,1.45,0.18
60,0.06,0.42,1.19,1.53,0.2
0,0.01,0.04,0.2,0.43,0
10,0.01,0.08,0.48,0.44,0.04
20,0.02,0.04,0.24,1.03,0.08
30,0.05,0.31,0.97,1.35,0.17
40,0.06,0.38,1.15,1.57,0.18
60,0.06,0.43,1.22,1.49,0.19
0,0,0,0.04,1.93,0.08
10,0.03,0.02,0.05,1.99,0.08
20,0.03,0.03,0.07,1.9,0.08
30,0.22,0.77,0.08,2.11,0.15
40,0.55,4.38,0.05,3.22,0.38
60,0.56,4.47,0.05,3.21,0.38
0,0.02,0.03,0.06,1.9,0.06
10,0.01,0.02,0.07,1.9,0.07
20,0.02,0.03,0.08,1.86,0.07
30,0.17,0.57,0.13,1.63,0.12
40,0.56,4.36,0.06,3.17,0.37
60,0.57,4.46,0.08,3.21,0.36
0,0.11,0.42,0.05,2.3,0.13
10,0.13,0.44,0.24,2.3,0.21
20,0.15,0.6,0.15,2.33,0.17
30,0.16,2.58,0.04,2.68,0.26
40,0.09,3.58,0.02,2.98,0.32
60,0.08,4.16,0.03,3.42,0.4
0,0.1,0.42,0.08,2.3,0.11
10,0.12,0.45,0.09,2.32,0.14
20,0.14,0.6,0.09,2.34,0.14
30,0.16,2.55,0.07,2.69,0.25
40,0.09,3.55,0.07,2.99,0.34
60,0.08,4.13,0.07,3.37,0.37
0,0.23,3.15,0.18,2.84,0.33
10,0.24,3.19,0.05,2.99,0.36
20,0.23,3.26,0.06,2.94,0.36
30,0.24,3.27,0,2.95,0.33
40,0.23,3.32,0,2.98,0.33
60,0.23,3.35,0,2.93,0.34
0,0.23,3.16,0.13,2.92,0.31
10,0.23,3.18,0.08,2.93,0.3
20,0.24,3.29,0.07,3.02,0.32
30,0.24,3.5,0.07,3.15,0.33
40,0.22,3.31,0.05,2.89,0.32
60,0.23,3.31,0.04,3.76,0.34
10,0.09,2.46,0.07,2.66,0.28
20,0.11,3.42,0.07,3.45,0.44
30,0.11,3.99,0.03,4.1,0.4
40,0.09,2.98,0.03,3.06,0.33
60,0.09,3.01,0.03,3.08,0.32
0,0.09,3.33,0.06,3.04,0.36
10,0.09,3.37,0,3.07,0.37
20,0.08,3.35,0,3.02,0.34
30,0.08,3.34,0,3.04,0.37
40,0.08,3.35,0,2.99,0.33
60,0.08,3.36,0,2.98,0.33
0,0.07,3.3,0.05,2.95,0.3
10,0.07,3.36,0.06,2.98,0.31
20,0.08,3.36,0.03,2.99,0.31
30,0.07,2.85,0.05,2.53,0.29
40,0.08,3.35,0.04,2.95,0.33
60,0.08,3.37,0.03,2.95,0.34
0,0.08,3.51,0,3.15,0.35
10,0.08,3.56,0,3.16,0.35
20,0.08,3.54,0,3.16,0.35
30,0.09,3.55,0,3.17,0.35
40,0.08,3.55,0,3.17,0.35
60,0.08,3.58,0,3.16,0.35
0,0.08,3.51,0,3.15,0.33
10,0.08,3.53,0,3.14,0.34
20,0.08,3.53,0,3.18,0.35
30,0.08,3.55,0,3.16,0.33
40,0.07,3.55,0,3.14,0.34
60,0.08,3.57,0,3.18,0.35
0,0.09,4.16,0.19,2.66,0.37
10,0.1,4.22,0.2,2.64,0.38
40,0.1,4.29,0.2,2.66,0.4
60,0.1,4.26,0.18,2.67,0.39
0,0.08,4.32,0.19,1.84,0.38
10,0.09,4.78,0.21,2.02,0.41
20,0.09,5.07,0.22,2.11,0.43
40,0.09,5.04,0.19,2.09,0.42
60,0.09,5.1,0.17,2.14,0.43
0,0.09,4.96,0.29,2.09,0.4
10,0.09,5.03,0.2,2.08,0.41
20,0.09,4.98,0.19,2.08,0.41
30,0.09,5.08,0.19,2.09,0.41
40,0.09,5.05,0.19,2.09,0.41
60,0.09,5.08,0.19,2.11,0.42
0,0.14,5.35,0.19,2.18,0.43
10,0.14,5.43,0.21,2.23,0.45
20,0.15,5.45,0.21,2.23,0.46
30,0.15,5.44,0.22,2.22,0.42
40,0.16,5.51,0.2,2.24,0.44
60,0.15,5.47,0.17,2.2,0.42
0,0.14,5.33,0.18,2.18,0.42
10,0.15,5.39,0.18,2.23,0.45
20,0.15,5.42,0.18,2.23,0.44
40,0.15,5.44,0.19,2.26,0.48
60,0.14,5.44,0.21,2.24,0.44
0,0.25,4.69,0.26,1.03,0.35
10,0.26,4.77,0.24,1.02,0.38
20,0.26,4.79,0.3,1.02,0.39
30,0.26,4.81,0.28,0.99,0.38
40,0.26,4.8,0.26,0.99,0.38
60,0.27,4.8,0.25,0.99,0.37
0,0.25,4.65,0.22,1.03,0.38
10,0.26,4.73,0.23,1.06,0.39
20,0.26,4.76,0.26,1.02,0.38
30,0.26,4.78,0.24,1.05,0.38
40,0.26,4.8,0.26,1,0.39
60,0.26,4.82,0.25,1.02,0.38
0,0.21,3.15,0.22,1.13,0.28
10,0.29,4,0.29,1.22,0.34
20,0.31,4.19,0.24,1.19,0.36
30,0.35,4.46,0.29,1.21,0.37
40,0.36,4.5,0.36,1.19,0.38
60,0.36,4.48,0.35,1.2,0.38
0,0.22,3.19,0.26,1.16,0.28
10,0.29,4.01,0.54,1.21,0.34
20,0.31,4.22,0.23,1.19,0.37
30,0.34,4.47,0.26,1.18,0.37
40,0.36,4.49,0.35,1.17,0.38
60,0.36,4.48,0.36,1.18,0.38
0,0.04,0.18,0.2,0.94,0.12
10,0.05,0.27,0.26,0.91,0.13
20,0.19,2.38,0.85,1.06,0.3
30,0.23,2.98,1.07,1.1,0.34
40,0.23,2.99,1.1,1.08,0.34
60,0.23,3,1.14,1.1,0.34
0,0.04,0.22,0.19,0.89,0.12
10,0.04,0.28,0.17,0.89,0.13
20,0.19,2.36,0.89,1.06,0.29
30,0.22,2.97,1.05,1.11,0.34
40,0.23,2.98,1.05,1.06,0.33
60,0.23,3,1.09,1.12,0.33
0,0,0,0.14,0.6,0.08
10,0,0,0.14,0.61,0.08
20,0.17,2.51,0.89,1.09,0.34
30,0.17,2.53,1.18,1.19,0.33
40,0.17,2.51,1.24,1.18,0.34
60,0.17,2.47,1.34,1.2,0.33
0,0,0,0.16,0.61,0.05
10,0,0,0.17,0.63,0.05
20,0.17,2.54,0.88,1.09,0.3
30,0.17,2.56,1.21,1.16,0.32
40,0.17,2.53,1.27,1.19,0.32
60,0.17,2.5,1.34,1.22,0.33
0,0,0,0,0.18,0.06
10,0,0,0,0.11,0.05
20,0.07,0.67,0.09,0.59,0.22
30,0.1,1.15,0.56,0.78,0.26
40,0.1,1.17,0.65,0.81,0.26
60,0.1,1.31,0.66,0.83,0.29
0,0,0,0,0.17,0.03
10,0,0,0,0.17,0.02
20,0.08,0.71,0.23,0.65,0.23
30,0.1,1.21,0.6,0.76,0.25
40,0.1,1.22,0.68,0.81,0.27
60,0.1,1.23,0.7,0.81,0.27
0,0,0,0,0.12,0
10,0,0,0,0.15,0
20,0.12,1.15,0.46,0.51,0.19
30,0.14,1.53,1.62,1.08,0.34
40,0.12,1.38,1.67,0.87,0.29
60,0.1,1.23,1.72,0.92,0.28
0,0,0,0,0.14,0
10,0,0,0,0.13,0
20,0.1,1.14,0.45,0.51,0.19
30,0.11,1.49,1.61,0.85,0.29
40,0.1,1.37,1.56,0.88,0.29
60,0.1,1.23,1.72,0.92,0.28
0,0,0.02,0.09,0.2,0
10,0,0.03,0.14,0.21,0
20,0.06,1.18,1.78,0.89,0.19
30,0.07,1.28,1.95,0.91,0.22
40,0.07,1.29,1.96,0.95,0.23
60,0.07,1.36,2.09,0.96,0.27
0,0,0.04,0.27,0.2,0
10,0,0.03,0.11,0.19,0
20,0.06,1.19,1.74,0.87,0.16
30,0.07,1.31,1.96,0.92,0.16
40,0.07,1.31,1.93,0.9,0.21
60,0.07,1.3,2.01,0.94,0.2
0,0,0,0,0.69,0
10,0,0,0,0.82,0.03
20,0.03,0.03,0.26,1.51,0.13
30,0.08,0.64,1.6,1.76,0.14
60,0.07,0.7,1.21,1.74,0.11
0,0,0,0,0.75,0
10,0,0,0,0.82,0.02
20,0.02,0.03,0.07,1.48,0
30,0.09,0.71,1.67,1.74,0.13
40,0.09,0.8,1.83,1.79,0.15
60,0.07,0.63,1.85,1.77,0.1
0,0,0,0.29,1.23,0.03
10,0,0,0.28,1.31,0.04
20,0.03,0.06,0.7,1.93,0.09
30,0.27,1.14,2.73,2.42,0.3
40,0.27,1.12,2.7,2.41,0.29
60,0.32,1.2,2.67,2.41,0.3
0,0,0,0.53,1.32,0.2
10,0,0,0.38,1.28,0.04
20,0.04,0.06,0.64,1.93,0.06
30,0.28,1.15,2.83,2.46,0.28
40,0.27,1.15,2.74,2.45,0.28
60,0.32,1.23,2.76,2.44,0.29
0,0,0,0.17,1,0.03
10,0,0,0.13,1.16,0.03
20,0.88,1.9,1.57,2.63,0.23
30,1.13,2.37,2.51,2.92,0.3
40,1.2,2.51,2.46,2.99,0.31
60,1.51,3.06,2.18,3.13,0.34
0,0.01,0.03,0.63,1.08,0
10,0.02,0.05,0.35,1.14,0.03
20,0.69,7.19,1.76,6.5,1.53
30,1.11,2.42,2.63,2.9,0.3
40,1.18,2.54,2.52,3.05,0.31
60,1.48,2.97,2.22,3.12,0.32
0,0.02,0.03,0.1,2.22,0.03
10,0,0,0.2,2.27,0.1
20,0.05,0.04,0.1,2.25,0.06
30,0.2,0.63,0.14,2.4,0.11
40,0.27,5.55,0.07,3.36,0.39
60,0.27,5.64,0.06,3.33,0.39
0,0,0,0.34,2.24,0.08
10,0,0,0.12,2.23,0.02
20,0.04,0.09,0.13,2.25,0.05
40,0.32,5.66,0.2,3.32,0.35
60,0.31,5.79,0.24,3.36,0.37
0,0.22,3.08,0.19,3.04,0.43
10,0.22,3.08,0.19,2.99,0.37
20,0.2,3.19,0.18,2.99,0.37
30,0.18,3.4,0.18,3.07,0.42
40,0.16,3.62,0.2,3.21,0.46
60,0.15,3.5,0.17,3.07,0.38
0,0.23,3.22,0.17,3.21,0.36
10,0.21,3.01,0.15,2.98,0.37
20,0.2,3.1,0.18,2.99,0.38
30,0.19,3.45,0.16,3.28,0.44
40,0.16,3.29,0.16,3.1,0.35
60,0.15,3.4,0.17,3.17,0.41
0,0.08,4.24,0.18,4.41,0.39
10,0.1,4.52,0.21,4.34,0.47
20,0.08,4.37,0.18,3.07,0.44
30,0.08,4.3,0.19,3.11,0.41
40,0.08,4.33,0.19,3.04,0.4
60,0.08,4.33,0.2,3.1,0.4
0,0.07,4.31,0.18,3.07,0.38
10,0.08,4.35,0.19,3.09,0.39
20,0.08,4.33,0.17,3.04,0.4
30,0.08,4.33,0.18,3.08,0.41
40,0.07,4.29,0.16,3.03,0.4
60,0.07,4.3,0.18,3.04,0.38
0,0.07,6.22,0.15,3.21,0.55
10,0.06,6.24,0.13,3.2,0.53
20,0.06,6.22,0.14,3.14,0.53
30,0.07,6.23,0.17,3.13,0.49
40,0.05,6.22,0.12,3.2,0.59
60,0.06,6.28,0.14,3.09,0.55
0,0.07,6.22,0.24,3.12,0.54
10,0.07,6.32,0.16,3.21,0.59
20,0.08,6.61,0.2,3.21,0.63
30,0.08,6.28,0.23,3.33,0.67
40,0.06,6.26,0.17,3.1,0.54
60,0.06,6.3,0.16,3.22,0.55
0,0.07,6.04,0.06,2.8,0.54
10,0.08,6.17,0.09,2.78,0.51
20,0.08,6.21,0.09,2.75,0.48
30,0.08,6.26,0.08,2.82,0.53
40,0.08,6.24,0.06,2.77,0.5
60,0.08,6.21,0.04,2.73,0.51
0,0.07,6.08,0.09,2.75,0.45
10,0.07,6.1,0.08,2.8,0.51
20,0.07,6.3,0.07,2.82,0.5
30,0.07,6.28,0.06,2.77,0.49
40,0.07,6.34,0.03,2.78,0.54
60,0.07,6.25,0.04,2.76,0.52
0,0.18,6.22,0.08,2.62,0.64
10,0.18,6.32,0.11,2.73,0.63
20,0.19,6.32,0.09,2.64,0.61
30,0.18,6.32,0.07,2.8,0.65
40,0.18,6.32,0.16,2.85,0.61
60,0.16,5.51,0.08,2.31,0.52
0,0.2,6.3,0.36,2.55,0.56
10,0.19,6.42,0.16,2.75,0.57
20,0.19,6.46,0.14,2.71,0.58
30,0.18,6.35,0.07,2.67,0.66
40,0.18,6.35,0.09,2.67,0.56
60,0.18,6.32,0.09,2.71,0.63
0,0.27,5.81,0.35,2.03,0.53
10,0.27,5.87,0.33,2.04,0.56
20,0.27,5.94,0.33,2.17,0.61
30,0.27,5.91,0.32,2.24,0.59
40,0.27,5.82,0.33,2,0.54
60,0.25,5.74,0.31,2.01,0.57
0,0.28,5.85,0.41,2.06,0.56
10,0.28,5.94,0.34,2.18,0.54
20,0.28,5.98,0.3,2.21,0.58
30,0.28,5.99,0.34,1.99,0.55
40,0.28,5.95,0.33,1.97,0.61
0,0.26,4.5,0.12,1.44,0.5
10,0.28,4.88,0.11,1.62,0.51
30,0.29,5.03,0.23,1.86,0.66
40,0.3,5.19,0.25,1.79,0.63
60,0.33,5.62,0.21,1.9,0.6
0,0.28,4.85,0.25,1.57,0.51
10,0.28,4.87,0.09,1.63,0.5
20,0.29,5,0.14,1.69,0.5
30,0.29,5.07,0.14,1.64,0.55
40,0.3,5.22,0.19,1.6,0.49
60,0.32,5.62,0.21,1.94,0.59
0,0.16,2.07,0.54,0.51,0.33
10,0.17,2.18,0.53,0.53,0.35
20,0.2,2.74,0.6,0.53,0.37
30,0.19,2.63,0.87,0.51,0.48
40,0.18,2.7,0.63,0.6,0.48
60,0.18,2.75,0.63,0.54,0.44
0,0.16,2.21,0.51,0.61,0.36
10,0.16,2.18,0.5,0.63,0.38
20,0.2,2.68,0.58,0.56,0.42
30,0.2,2.79,0.83,0.48,0.4
40,0.2,2.94,0.6,0.54,0.42
60,0.16,2.53,0.56,0.6,0.4
10,0,0.07,0.24,0.48,0.28
20,0,0.05,0.36,0.49,0.31
30,0.01,0.18,0.45,0.69,0.39
60,0.04,0.39,0.91,0.65,0.38
0,0,0.16,0.29,0.47,0.27
20,0,0.12,0.31,0.48,0.29
30,0,0.2,0.5,0.63,0.37
40,0.04,0.41,1.12,0.68,0.37
60,0.04,0.36,1.01,0.78,0.38
0,0,0.05,0.11,0.26,0.31
30,0.01,0.14,0.42,0.21,0.28
40,0.01,0.17,0.43,0.23,0.27
60,0.01,0.16,1.08,0.36,0.31
0,0,0.05,0.15,0.14,0.13
10,0,0.25,0.32,0.18,0.3
20,0,0.13,0.46,0.22,0.22
40,0.01,0.14,0.46,0.2,0.22
60,0.01,0.14,1.07,0.32,0.38
0,0,0.02,0.36,0.26,0.16
10,0,0.09,0.27,0.28,0.18
20,0.01,0.09,0.37,0.45,0.41
30,0.01,0.17,0.72,0.44,0.37
60,0.02,0.18,0.76,0.68,0.47
20,0.02,0.23,0.32,0.55,0.16
40,0.12,2.18,2.73,2.98,0.65
60,0.12,2.41,2.82,2.83,0.71
20,0,0.42,0.36,1.16,0.53
30,0.11,1.79,2.75,2.59,0.55
40,0.12,1.99,2.84,2.83,0.6
30,0.11,1.61,1.65,2.43,0.47
60,0.12,1.85,1.82,2.71,0.69
40,0.11,1.55,1.84,2.51,0.54
60,0.11,1.6,1.96,2.52,0.5
30,0.46,2.71,1.48,2.84,0.53
40,0.47,2.65,1.51,2.88,0.55
60,0.47,2.57,1.46,2.9,0.58
30,0.45,2.57,1.37,2.83,0.45
40,0.45,2.5,1.4,2.78,0.55
60,0.46,2.92,1.96,2.82,0.54
20,0.61,1.25,0.39,2.01,0.19
30,0.88,2.84,0.25,2.33,0.31
40,1.85,4.07,0.25,2.94,0.38
60,2.02,4.5,0.22,3.12,0.42
0,0.59,1.23,0.45,1.92,0.2
10,0.59,1.22,0.39,2.11,0.19
20,0.57,1.36,0.34,2.01,0.27
30,0.88,2.86,0.28,2.41,0.3
40,1.85,4.09,0.27,2.93,0.36
60,1.87,4.13,0.3,2.97,0.37
0,0.13,4.95,0.04,2.51,0.48
10,0.14,5.07,0,2.33,0.5
20,0.14,5.05,0,2.65,0.47
30,0.13,5.09,0.03,2.39,0.52
40,0.13,5.09,0.05,2.41,0.49
60,0.14,5.11,0,2.56,0.5
0,0.13,5.08,0.05,2.42,0.49
10,0.13,5.04,0.07,2.24,0.5
20,0.13,5.2,0.05,2.46,0.45
40,0.13,5.12,0.07,2.3,0.49
60,0.13,5.11,0,2.4,0.5
0,0.11,5.53,0,2.68,0.46
10,0.11,5.55,0,2.65,0.47
30,0.12,5.62,0,2.73,0.56
60,0.12,5.64,0,2.62,0.48
0,0.11,5.56,0,2.56,0.43
10,0.11,5.6,0,2.71,0.45
30,0.11,5.64,0,2.64,0.54
60,0.11,5.63,0,2.66,0.48
0,0.09,5.52,0,2.92,0.47
10,0.09,5.73,0,2.98,0.48
20,0.1,5.75,0,3.1,0.49
30,0.09,5.76,0,2.91,0.48
40,0.09,5.7,0,3.36,0.49
60,0.1,5.65,0,2.94,0.49
0,0.09,5.59,0,3.05,0.46
10,0.08,5.75,0,3.12,0.48
20,0.09,5.78,0,2.76,0.48
30,0.09,5.74,0,2.9,0.48
40,0.09,5.7,0,3.12,0.48
60,0.09,5.73,0,3.04,0.49
0,0.11,1.76,0.95,0.68,0.32
10,0.1,1.7,1.03,0.67,0.36
20,0.11,2.18,0.82,0.8,0.41
30,0.11,2.18,1.3,0.85,0.34
40,0.12,2.13,1.41,0.78,0.34
60,0.12,2.13,1.42,0.8,0.35
0,0.13,2.87,0.57,1.12,0.25
20,0.15,2.95,0.59,1.04,0.25
30,0.15,2.99,0.69,1.06,0.25
40,0.14,2.99,0.83,1.14,0.26
60,0.15,2.97,0.91,1.13,0.3
0,0.02,0.04,0.01,0.53,0.13
10,0.03,0.07,0.01,0.37,0.13
20,0.03,0.07,0.04,0.52,0.16
30,0.1,1.9,1.46,1.14,0.39
40,0.11,2.07,1.68,1.27,0.48
60,0.11,2.26,1.72,1.32,0.46
0,0,0,0.41,0.54,0.03
10,0.09,0.96,0.61,0.55,0.05
20,0.11,1.27,1.51,0.6,0.15
30,0.25,3.34,2.88,1.07,0.36
40,0.25,3.36,2.88,1.13,0.33
60,0.25,3.42,2.89,1.24,0.36
0,0,0,0,0.86,0
10,0,0,0,0.87,0
20,0.09,0.16,0,1.46,0.02
30,1.79,4.91,0.82,3.22,0.33
40,1.44,4.3,1.37,3.4,0.34
60,1.4,4.22,1.45,3.33,0.34
0,0,0,0.24,0.32,0.03
10,0,0,0.22,0.3,0.03
20,0.26,1.14,0.28,1.53,0.07
30,1.62,6.42,0.2,2.88,0.35
40,1.65,6.54,0.21,2.88,0.37
60,1.65,6.55,0.19,2.91,0.37
0,0,0,0.12,0.18,0.04
10,0,0,0.12,0.18,0.05
20,0.16,4.21,0.11,2.65,0.25
30,0.08,6.01,0.12,3.05,0.34
40,0.09,6.22,0.11,3.11,0.37
60,0.12,6.18,0.13,3.21,0.38
0,0,0,0.17,1.57,0.06
10,0,0,0.18,1.83,0.07
20,0,0,0.21,2.09,0.07
30,0.03,0.16,0.69,1.93,0.09
40,0.09,5.48,0.1,3.51,0.36
60,0.09,5.59,0.11,3.53,0.36
0,0,0,0.09,1.64,0.04
10,0,0,0.1,1.64,0.05
20,0,0.09,0.1,1.57,0.07
30,0.18,4.08,0.09,2.63,0.3
40,0.16,5.64,0.09,3.64,0.38
60,0.18,5.84,0.09,3.79,0.4
0,0.86,3.03,0.16,2.61,0.24
10,0.9,3.12,0.18,2.66,0.26
20,0.91,3.2,0.16,2.66,0.26
30,0.92,3.27,0.13,2.64,0.26
40,0.93,3.35,0.11,2.69,0.27
60,0.92,3.48,0.09,2.7,0.27
0,0.69,3.94,0,3.09,0.28
10,0.7,3.95,0,3.18,0.28
20,0.7,3.95,0,3.11,0.29
30,0.69,3.92,0,3.27,0.28
40,0.69,3.93,0,3.35,0.29
60,0.69,3.92,0,3.15,0.29
0,0.22,5.54,0.13,3.49,0.41
10,0.23,5.53,0.13,3.47,0.42
20,0.22,5.53,0.14,3.66,0.42
30,0.22,5.53,0.17,3.4,0.42
40,0.22,5.54,0.19,3.57,0.43
60,0.22,5.55,0.18,3.63,0.43
0,0.12,5.65,0.11,3.33,0.45
10,0.09,5.65,0.1,3.36,0.44
20,0.09,5.69,0.09,3.36,0.45
30,0.09,5.64,0.11,3.18,0.46
40,0.09,5.6,0.11,3.19,0.45
60,0.09,5.7,0.1,3.24,0.45
0,0.07,5.33,0.05,3.14,0.41
10,0.08,5.52,0.06,3.17,0.41
20,0.08,5.53,0.08,3.21,0.42
30,0.08,5.58,0.05,3.3,0.41
40,0.07,5.44,0.06,3.25,0.41
60,0.08,5.4,0.1,3.07,0.41
0,0.06,6.23,0.06,2.35,0.49
10,0.07,6.27,0.09,2.35,0.48
20,0.07,6.31,0.01,2.34,0.52
30,0.08,6.41,0.09,2.29,0.54
40,0.06,6.3,0.06,2.28,0.56
60,0.06,6.35,0.06,2.31,0.5
0,0.21,7.51,0.28,2.25,0.47
10,0.21,7.51,0.27,2.19,0.48
20,0.22,7.63,0.26,2.28,0.48
30,0.22,7.79,0.27,2.32,0.5
40,0.23,7.7,0.27,2.28,0.51
0,0.24,5.68,0.07,1.33,0.47
10,0.24,5.68,0.07,1.33,0.46
20,0.24,5.66,0.08,1.32,0.46
30,0.24,5.65,0.06,1.33,0.47
40,0.24,5.64,0.06,1.34,0.46
60,0.24,5.57,0.06,1.32,0.46
0,0.21,4.51,0,0.69,0.42
10,0.21,4.51,0,0.67,0.41
20,0.22,4.51,0,0.68,0.41
30,0.22,4.52,0,0.65,0.41
40,0.22,4.58,0.04,0.68,0.4
60,0.23,4.58,0.05,0.74,0.46
0,0.15,2.23,0.37,0.51,0.31
10,0.13,2.33,0.37,0.52,0.31
20,0.15,2.33,0.37,0.53,0.31
40,0.15,2.45,0.38,0.53,0.34
60,0.15,2.46,0.39,0.51,0.3
0,0.17,1.83,0.25,2.54,0.19
10,0.05,0.12,0.1,1.66,0.15
20,0.08,0.93,0.17,0.84,0.13
30,0.18,2.86,0.6,0.74,0.23
40,0.17,2.83,0.65,0.67,0.24
60,0.16,2.84,0.78,0.73,0.27
0,0.06,0.25,0.51,0.47,0.09
10,0.06,0.25,0.53,0.61,0.09
20,0.07,0.3,0.6,0.47,0.12
30,0.07,0.3,0.57,0.53,0.11
40,0.07,0.31,0.63,0.47,0.11
60,0.07,0.31,0.58,0.47,0.1
0,0,0,0.08,0.38,0.03
10,0,0,0.09,0.37,0.03
20,0.1,0.63,0.08,0.56,0.04
30,0.13,1.64,0.66,0.53,0.09
40,0.06,0.67,1.27,0.71,0.14
60,0.04,0.41,1.18,0.72,0.14
0,0,0,0,0.26,0.02
10,0.01,0.02,0,0.25,0.03
20,0,0,0.06,0.32,0.03
30,0.02,0.02,0.28,0.94,0.03
40,0.11,1.39,1.56,1.43,0.19
60,0.12,1.4,1.76,1.55,0.21
0,0,0,0,0.39,0.04
10,0,0,0,0.39,0.04
20,0.13,1.85,1.36,1.39,0.18
40,0.14,1.93,2.4,2.28,0.27
60,0.14,1.93,2.43,2.43,0.27
0,0,0,0,0.64,0.03
10,0,0,0,0.64,0.03
20,0.02,0.14,0.21,1.39,0.09
30,0.27,2.48,2.03,2.54,0.25
40,0.28,2.52,2.08,2.58,0.27
60,0.29,2.58,2.15,2.59,0.27
0,0,0,0.08,1.32,0.04
10,0,0,0.08,1.33,0.06
20,0.12,0.18,0.28,1.6,0.07
30,0.8,2.72,2.08,2.87,0.28
40,0.77,2.91,2.32,3.12,0.3
60,1.01,3.08,2.01,3.07,0.29
0,0.17,0.24,0.14,1.93,0.08
10,0.17,0.24,0.13,1.85,0.08
20,0.31,0.54,0.45,2.24,0.1
30,0.88,1.45,1.29,3.12,0.17
40,1.1,1.64,1.23,3.13,0.17
60,2.24,3.23,0.54,3.77,0.22
30,1.44,3.07,0.16,2.81,0.26
40,1.49,3.38,0,2.76,0.27
60,1.55,3.9,0,3.14,0.27
0,0.03,0.04,0.15,2.01,0.06
10,0.02,0.04,0.18,2.1,0.06
20,0.03,0.09,0.18,2.32,0.06
30,0.13,4.01,0.18,1.95,0.35
40,0.13,4.46,0.19,2.24,0.35
60,0.12,4.44,0.19,2.24,0.36
0,0.07,5.62,0.09,3.38,0.39
10,0.07,5.49,0.09,3.12,0.4
20,0.07,5.98,0.08,3.42,0.44
30,0.07,5.58,0.07,3.04,0.42
40,0.08,5.62,0.12,3.26,0.5
60,0.08,5.4,0.11,2.87,0.41
0,0.11,5.12,0,3.22,0.45
10,0.11,5.17,0,3.34,0.45
20,0.12,5.18,0,3.31,0.47
30,0.12,5.16,0,3.29,0.46
40,0.12,5.19,0,3.29,0.47
60,0.12,5.19,0,3.36,0.47
0,0.17,5.59,0.09,2.68,0.44
10,0.16,5.58,0.1,2.67,0.44
20,0.17,5.62,0.09,2.65,0.44
30,0.17,5.63,0.11,2.59,0.45
40,0.17,5.64,0.09,2.58,0.44
60,0.19,5.65,0.11,2.58,0.44
0,0.11,1.83,0,0.34,0.27
10,0.12,1.88,0,0.34,0.25
20,0.11,1.85,0,0.34,0.25
30,0.12,1.9,0,0.33,0.25
40,0.12,2.12,0.09,0.44,0.28
60,0.12,2.12,0.04,0.44,0.26
0,0.02,0.1,0.41,0.55,0.19
10,0.02,0.12,0.4,0.52,0.21
20,0.02,0.12,0.45,0.54,0.2
30,0.03,0.32,0.5,0.44,0.21
40,0.03,0.35,0.53,0.54,0.25
60,0.04,0.33,0.58,0.52,0.23
0,0,0.04,0.3,0.33,0.09
10,0,0,0.34,0.32,0.09
20,0,0.07,0.32,0.28,0.09
30,0.02,0.21,0.69,0.62,0.16
40,0.03,0.22,0.84,0.62,0.18
60,0.03,0.22,0.84,0.68,0.2
0,0,0,0,0.36,0.04
10,0,0,0.07,0.37,0.05
30,0.06,0.76,1.77,0.99,0.18
40,0.06,0.8,1.78,1.01,0.19
60,0.06,0.8,1.71,1.01,0.2
0,0,0,0,0.37,0
10,0,0,0,0.41,0
20,0,0.03,0,0.33,0
30,0.1,1.47,2.91,1.34,0.28
40,0.1,1.47,2.91,1.33,0.28
60,0.1,1.51,2.92,1.28,0.29
0,0,0,0.18,0.61,0.03
10,0,0,0.2,0.6,0.03
20,0,0.02,0.2,0.56,0.03
30,0.15,1.29,2.75,1.96,0.31
40,0.16,1.48,2.94,2.11,0.33
60,0.18,1.51,2.93,2.08,0.33
10,0.02,0.17,0.17,0.76,0.07
20,0.17,0.42,0.34,0.77,0.11
30,1.27,3.05,1.35,1.39,0.33
40,0.57,2.41,2.2,2.48,0.38
60,0.57,2.15,2.09,2.49,0.35
0,0.01,0.08,0.08,1.88,0.12
10,0.06,0.32,0.09,2.04,0.16
20,1.7,3.08,0.09,2.04,0.27
30,2.28,4.46,0.08,2.35,0.34
40,2.88,4.87,0,2.8,0.37
60,2.9,5.39,0.11,3.04,0.39
0,0.01,0.08,0.13,0.46,0.06
10,0.01,0.09,0.14,0.44,0.1
20,0.04,0.43,0.15,0.52,0.17
30,0.03,5.2,0.14,2.84,0.37
40,0.03,5.46,0.12,2.99,0.39
60,0.04,5.38,0.13,3.16,0.4
0,0.01,0.07,0.24,0.9,0.13
10,0.01,0.07,0.27,0.77,0.12
20,0.01,0.14,0.26,0.86,0.15
30,0.03,0.46,0.3,0.99,0.18
40,0.1,5.65,0.23,3.92,0.46
60,0.11,5.77,0.22,4.49,0.48
0,0.08,4.72,0.12,2.99,0.43
10,0.08,4.77,0.13,3.02,0.43
20,0.09,4.84,0.17,3.03,0.45
30,0.08,4.87,0.19,3.03,0.43
40,0.09,4.83,0.17,2.99,0.45
60,0.08,4.81,0.16,2.94,0.43
0,0.06,5.01,0.09,3.04,0.52
10,0.06,5.02,0.09,3.13,0.46
20,0.06,5.01,0.15,3.5,0.45
30,0.06,5.02,0.2,3,0.49
40,0.06,5.03,0.3,2.96,0.49
60,0.06,5.01,0.1,3.11,0.52
0,0.03,4.74,0.28,2.6,0.47
10,0.03,4.8,0.29,2.61,0.48
20,0.03,4.79,0.29,2.59,0.45
30,0.03,4.79,0.28,2.63,0.44
40,0.03,4.82,0.28,2.64,0.45
60,0.03,4.86,0.28,2.64,0.47
0,0.11,5.6,0.23,3.09,0.49
10,0.11,5.24,0.23,3.22,0.49
20,0.11,5.9,0.27,3.19,0.51
30,0.11,5.61,0.33,3.03,0.51
40,0.11,4.71,0.24,2.43,0.46
60,0.11,4.54,0.3,2.44,0.42
0,0.19,4.79,0.27,2.22,0.44
10,0.19,4.82,0.28,2.29,0.45
20,0.19,4.79,0.23,2.29,0.45
30,0.19,4.81,0.29,2.17,0.44
40,0.19,4.79,0.25,2.12,0.44
60,0.2,4.5,0.29,1.93,0.43
0,0.37,4.17,0.26,1.72,0.39
10,0.38,4.18,0.27,1.81,0.39
20,0.38,4.18,0.26,1.74,0.39
30,0.38,4.21,0.33,1.65,0.39
40,0.37,4.2,0.26,1.71,0.39
60,0.37,4.19,0.26,1.61,0.39
0,0.4,3,0.32,1.28,0.33
10,0.42,3.13,0.41,1.18,0.33
20,0.44,3.27,0.4,1.19,0.34
30,0.45,3.41,0.34,1.37,0.35
40,0.45,3.38,0.36,1.44,0.35
60,0.46,3.52,0.38,1.36,0.35
20,0.07,0.79,0.68,0.72,0.3
30,0.12,0.96,1.2,1.05,0.29
40,0.13,1,1.21,1.01,0.3
60,0.14,1.02,1.21,0.99,0.29
0,0.02,0.12,0.1,0.42,0.1
10,0,0.05,0.13,0.38,0.1
20,0.05,0.39,1.32,0.87,0.25
30,0.05,0.46,1.53,1.13,0.24
40,0.05,0.47,1.55,1.08,0.25
60,0.05,0.45,1.53,1.08,0.24
0,0,0.08,0.2,0.62,0.13
10,0,0.09,0.17,0.55,0.11
20,0.01,0.11,0.34,0.83,0.22
30,0.14,1.63,1.4,1.23,0.3
40,0.15,1.55,1.81,1.53,0.43
60,0.15,1.49,1.81,1.51,0.46
0,0,0.04,0.11,0.82,0.06
10,0,0.04,0.13,1.08,0.06
20,0,0.06,0.23,1.6,0.04
30,0.02,0.15,0.44,2.02,0.07
40,0.05,0.41,1.18,2.36,0.13
60,0.16,1.09,1.99,2.66,0.26
0,0,0.04,0.1,0.43,0.07
10,0,0.03,0,0.4,0.07
20,0,0.04,0,0.45,0.11
30,0.02,0.16,0.08,0.85,0.13
40,0.12,0.84,1.86,1.78,0.28
60,0.15,1.1,2.13,2,0.31
0,0.01,0.03,0.16,0.21,0.06
10,0,0.05,0.32,0.07,0.06
20,0.14,1.26,1.4,1.11,0.23
30,0.19,1.82,2.27,1.47,0.32
40,0.19,1.82,2.13,1.55,0.32
60,0.19,1.82,2.11,1.63,0.37
0,0,0.04,0.2,1.74,0.12
10,0,0.05,0.2,1.7,0.11
20,0.89,3.25,0.3,4.13,0.36
30,0.97,3.81,0.2,4.38,0.44
40,0.93,4.24,0.17,4.56,0.38
60,1.02,5.18,0.22,4.75,0.43
0,0,0,0,2.29,0.07
10,0,0.03,0,2.05,0.07
20,0,0.03,0,2.03,0.1
30,0.14,4.31,0.1,4.01,0.39
40,0.14,4.5,0.03,4.13,0.43
60,0.14,4.54,0.05,4.04,0.45
0,0.14,4.72,0.28,3.22,0.44
10,0.16,5.88,0.41,4.35,0.48
20,0.15,4.72,0.22,3.19,0.45
30,0.14,4.63,0.25,3.13,0.46
40,0.14,4.66,0.2,3.18,0.45
60,0.15,4.63,0.19,3.19,0.46
0,0.07,5.5,0.14,2.51,0.49
10,0.08,4.84,0.08,2.4,0.46
20,0.09,5.23,0.07,2.54,0.48
30,0.08,4.77,0.05,2.34,0.45
40,0.08,5.05,0.06,2.49,0.46
60,0.08,5.06,0.06,2.7,0.57
0,0.31,4.32,0.22,1.69,0.31
10,0.3,4.37,0.19,1.85,0.33
20,0.32,4.37,0.16,1.83,0.35
30,0.32,4.4,0.2,1.88,0.34
40,0.32,4.38,0.23,2.06,0.34
60,0.32,4.45,0.2,1.83,0.34
0,0,0,0,0.6,0.03
10,0,0.03,0,0.57,0.05
20,0,0.03,0,0.61,0.08
30,0.15,1.62,1.46,1.86,0.29
40,0.15,1.7,1.46,1.98,0.29
60,0.15,1.71,1.51,2.1,0.28
0,0,0.05,0.31,0.4,0
10,0,0.05,0.36,0.39,0
20,0,0.06,0.33,0.58,0
30,0.15,1.39,1.59,1.9,0.2
40,0.16,1.52,1.82,1.72,0.21
60,0.15,1.42,1.65,1.79,0.23
0,0,0,0.05,0.31,0.04
10,0,0,0.07,0.33,0.04
20,0,0,0.08,0.47,0.04
30,0.17,1.26,1.71,1.53,0.21
40,0.17,1.31,1.72,1.57,0.22
60,0.18,1.35,1.84,1.6,0.23
0,0,0,0.3,1.23,0.08
10,0,0,0.32,1.23,0.1
20,0,0,0.24,1.32,0.11
30,0.19,1.82,2.2,2.51,0.32
40,0.2,1.87,2.19,2.88,0.37
60,0.19,1.8,2.27,3.01,0.43
0,0,0,0.13,1.09,0
10,0,0,0.14,1.07,0.02
20,1.31,2.57,0.26,2.57,0.13
30,1.7,3.55,0.17,2.81,0.2
40,1.69,3.75,0.15,2.94,0.22
60,2,3.9,0.14,3.19,0.25
0,0,0,0.19,1.02,0.06
10,0,0,0.2,1.02,0.06
20,0.01,0.04,0.22,1.31,0.05
30,1.21,3.25,0.25,1.53,0.06
40,1.32,4.19,0.26,3.37,0.29
60,1.29,4.28,0.31,3.44,0.28
0,0.67,3.09,0.43,3.81,0.23
10,0.66,3.17,0.34,3.55,0.26
20,0.68,2.58,0.47,3.35,0.28
30,0.69,2.96,0.38,3.58,0.26
40,0.69,3.6,0.33,3.4,0.28
60,0.51,4.1,0.57,3.31,0.28
0,0.07,4.68,0.32,2.87,0.34
10,0.07,4.69,0.35,3.01,0.36
20,0.08,4.73,0.35,2.95,0.34
30,0.08,4.74,0.21,3.19,0.36
40,0.07,4.75,0.22,3.1,0.41
60,0.08,4.74,0.27,2.96,0.35
0,0.1,6.58,0.43,2.97,0.4
10,0.11,6.62,0.56,2.94,0.42
20,0.12,7.04,0.55,3.14,0.45
30,0.12,6.64,0.54,2.98,0.41
40,0.11,6.65,0.49,2.99,0.42
60,0.11,6.63,0.62,2.94,0.42
0,0.15,5.94,0.83,2.78,0.41
10,0.16,6.05,0.84,2.76,0.41
20,0.16,6.07,1.01,2.79,0.41
30,0.16,6.09,1.06,2.77,0.41
40,0.15,6.11,1.06,2.79,0.41
60,0.15,6.1,0.85,2.78,0.41
